23:14:50.977 > Calibrating baro...

23:14:53.938 > Calibration done!

23:14:53.939 > Calibrating sensors

23:14:53.939 > Couldn't open log file

23:14:53.939 > Couldn't open log file

23:14:53.939 > Starting Sensor Calibration...

23:14:53.940 > 

23:14:53.940 > Internal calibration complete!

23:14:53.940 > Starting external gyroscope offset calibration...

23:14:56.900 > Couldn't open log file

23:14:59.864 > Sensors calibrated

23:14:59.864 > Couldn't open log file

23:14:59.864 > Using default angles

23:14:59.864 > Couldn't open log file

23:14:59.864 > rpy init: 0.00, 0.00, 0.00

23:14:59.866 > Couldn't open log file

23:15:05.369 > >alt:-0.051,vel:-0.216,accelAlt:-0.050,accelVel:-0.214,baroAlt:-0.074,deviation:-0.024;

23:15:05.375 > >alt:-0.062,vel:-0.238,accelAlt:-0.052,accelVel:-0.217,baroAlt:-0.264,deviation:-0.212;

23:15:05.380 > >alt:-0.074,vel:-0.259,accelAlt:-0.064,accelVel:-0.239,baroAlt:-0.264,deviation:-0.200;

23:15:05.385 > >alt:-0.085,vel:-0.279,accelAlt:-0.075,accelVel:-0.260,baroAlt:-0.264,deviation:-0.189;

23:15:05.388 > >alt:-0.064,vel:-0.235,accelAlt:-0.086,accelVel:-0.280,baroAlt:0.357,deviation:0.443;

23:15:05.388 > >alt:-0.044,vel:-0.194,accelAlt:-0.066,accelVel:-0.236,baroAlt:0.357,deviation:0.422;

23:15:05.402 > >alt:-0.033,vel:-0.170,accelAlt:-0.045,accelVel:-0.195,baroAlt:0.209,deviation:0.254;

23:15:05.408 > >alt:-0.022,vel:-0.147,accelAlt:-0.034,accelVel:-0.171,baroAlt:0.209,deviation:0.243;

23:15:05.408 > >alt:-0.018,vel:-0.138,accelAlt:-0.022,accelVel:-0.147,baroAlt:0.069,deviation:0.091;

23:15:05.420 > >alt:-0.014,vel:-0.130,accelAlt:-0.019,accelVel:-0.139,baroAlt:0.069,deviation:0.088;

23:15:05.425 > >alt:-0.011,vel:-0.123,accelAlt:-0.015,accelVel:-0.131,baroAlt:0.069,deviation:0.084;

23:15:05.431 > >alt:-0.011,vel:-0.122,accelAlt:-0.012,accelVel:-0.124,baroAlt:0.005,deviation:0.017;

23:15:05.436 > >alt:-0.011,vel:-0.121,accelAlt:-0.012,accelVel:-0.123,baroAlt:0.005,deviation:0.017;

23:15:05.443 > >alt:-0.025,vel:-0.150,accelAlt:-0.011,accelVel:-0.122,baroAlt:-0.285,deviation:-0.274;

23:15:05.446 > >alt:-0.039,vel:-0.177,accelAlt:-0.026,accelVel:-0.151,baroAlt:-0.285,deviation:-0.259;

23:15:05.454 > >alt:-0.026,vel:-0.149,accelAlt:-0.040,accelVel:-0.177,baroAlt:0.240,deviation:0.280;

23:15:05.459 > >alt:-0.013,vel:-0.124,accelAlt:-0.027,accelVel:-0.151,baroAlt:0.240,deviation:0.267;

23:15:05.462 > >alt:-0.001,vel:-0.099,accelAlt:-0.014,accelVel:-0.125,baroAlt:0.240,deviation:0.255;

23:15:05.471 > >alt:0.003,vel:-0.090,accelAlt:-0.002,accelVel:-0.100,baroAlt:0.095,deviation:0.097;

23:15:05.471 > >alt:0.007,vel:-0.082,accelAlt:0.002,accelVel:-0.091,baroAlt:0.095,deviation:0.093;

23:15:05.482 > >alt:0.006,vel:-0.084,accelAlt:0.007,accelVel:-0.083,baroAlt:-0.011,deviation:-0.017;

23:15:05.486 > >alt:0.004,vel:-0.087,accelAlt:0.005,accelVel:-0.086,baroAlt:-0.011,deviation:-0.016;

23:15:05.492 > >alt:0.003,vel:-0.089,accelAlt:0.004,accelVel:-0.088,baroAlt:-0.011,deviation:-0.014;

23:15:05.495 > >alt:-0.002,vel:-0.099,accelAlt:0.003,accelVel:-0.090,baroAlt:-0.085,deviation:-0.087;

23:15:05.504 > >alt:-0.006,vel:-0.108,accelAlt:-0.002,accelVel:-0.100,baroAlt:-0.085,deviation:-0.082;

23:15:05.509 > >alt:-0.009,vel:-0.114,accelAlt:-0.007,accelVel:-0.109,baroAlt:-0.053,deviation:-0.046;

23:15:05.516 > >alt:-0.012,vel:-0.119,accelAlt:-0.010,accelVel:-0.115,baroAlt:-0.053,deviation:-0.043;

23:15:05.520 > >alt:-0.007,vel:-0.108,accelAlt:-0.013,accelVel:-0.120,baroAlt:0.103,deviation:0.116;

23:15:05.527 > >alt:-0.002,vel:-0.098,accelAlt:-0.008,accelVel:-0.109,baroAlt:0.103,deviation:0.111;

23:15:05.530 > >alt:0.003,vel:-0.089,accelAlt:-0.003,accelVel:-0.099,baroAlt:0.103,deviation:0.106;

23:15:05.538 > >alt:0.005,vel:-0.083,accelAlt:0.002,accelVel:-0.089,baroAlt:0.069,deviation:0.067;

23:15:05.543 > >alt:0.008,vel:-0.077,accelAlt:0.005,accelVel:-0.084,baroAlt:0.069,deviation:0.064;

23:15:05.550 > >alt:-0.005,vel:-0.103,accelAlt:0.008,accelVel:-0.078,baroAlt:-0.243,deviation:-0.251;

23:15:05.553 > >alt:-0.017,vel:-0.128,accelAlt:-0.006,accelVel:-0.104,baroAlt:-0.243,deviation:-0.238;

23:15:05.562 > >alt:-0.018,vel:-0.128,accelAlt:-0.018,accelVel:-0.129,baroAlt:-0.011,deviation:0.007;

23:15:05.562 > >alt:-0.018,vel:-0.128,accelAlt:-0.019,accelVel:-0.129,baroAlt:-0.011,deviation:0.008;

23:15:05.572 > >alt:-0.018,vel:-0.128,accelAlt:-0.019,accelVel:-0.129,baroAlt:-0.011,deviation:0.008;

23:15:05.576 > >alt:-0.009,vel:-0.110,accelAlt:-0.019,accelVel:-0.129,baroAlt:0.174,deviation:0.193;

23:15:05.583 > >alt:-0.001,vel:-0.093,accelAlt:-0.010,accelVel:-0.111,baroAlt:0.174,deviation:0.184;

23:15:05.587 > >alt:0.008,vel:-0.076,accelAlt:-0.001,accelVel:-0.093,baroAlt:0.177,deviation:0.178;

23:15:05.595 > >alt:0.016,vel:-0.060,accelAlt:0.007,accelVel:-0.077,baroAlt:0.177,deviation:0.170;

23:15:05.600 > >alt:0.016,vel:-0.058,accelAlt:0.015,accelVel:-0.060,baroAlt:0.037,deviation:0.022;

23:15:05.606 > >alt:0.017,vel:-0.057,accelAlt:0.016,accelVel:-0.059,baroAlt:0.037,deviation:0.021;

23:15:05.609 > >alt:0.018,vel:-0.056,accelAlt:0.017,accelVel:-0.058,baroAlt:0.037,deviation:0.020;

23:15:05.617 > >alt:0.019,vel:-0.054,accelAlt:0.017,accelVel:-0.057,baroAlt:0.050,deviation:0.033;

23:15:05.620 > >alt:0.020,vel:-0.052,accelAlt:0.019,accelVel:-0.055,baroAlt:0.050,deviation:0.031;

23:15:05.620 > >alt:0.018,vel:-0.056,accelAlt:0.020,accelVel:-0.053,baroAlt:-0.016,deviation:-0.036;

23:15:05.634 > >alt:0.016,vel:-0.061,accelAlt:0.018,accelVel:-0.057,baroAlt:-0.016,deviation:-0.034;

23:15:05.639 > >alt:0.014,vel:-0.065,accelAlt:0.016,accelVel:-0.062,baroAlt:-0.016,deviation:-0.032;

23:15:05.645 > >alt:0.016,vel:-0.061,accelAlt:0.014,accelVel:-0.066,baroAlt:0.061,deviation:0.047;

23:15:05.650 > >alt:0.018,vel:-0.058,accelAlt:0.016,accelVel:-0.062,baroAlt:0.061,deviation:0.045;

23:15:05.657 > >alt:0.022,vel:-0.051,accelAlt:0.018,accelVel:-0.058,baroAlt:0.095,deviation:0.077;

23:15:05.660 > >alt:0.025,vel:-0.044,accelAlt:0.021,accelVel:-0.052,baroAlt:0.095,deviation:0.074;

23:15:05.668 > >alt:0.032,vel:-0.030,accelAlt:0.025,accelVel:-0.045,baroAlt:0.174,deviation:0.150;

23:15:05.670 > >alt:0.039,vel:-0.017,accelAlt:0.032,accelVel:-0.031,baroAlt:0.174,deviation:0.142;

23:15:05.679 > >alt:0.046,vel:-0.004,accelAlt:0.039,accelVel:-0.018,baroAlt:0.174,deviation:0.135;

23:15:05.685 > >alt:0.039,vel:-0.020,accelAlt:0.046,accelVel:-0.005,baroAlt:-0.100,deviation:-0.146;

23:15:05.690 > >alt:0.031,vel:-0.035,accelAlt:0.038,accelVel:-0.021,baroAlt:-0.100,deviation:-0.139;

23:15:05.696 > >alt:0.030,vel:-0.038,accelAlt:0.031,accelVel:-0.035,baroAlt:0.008,deviation:-0.023;

23:15:05.702 > >alt:0.029,vel:-0.041,accelAlt:0.030,accelVel:-0.039,baroAlt:0.008,deviation:-0.022;

23:15:05.702 > >alt:0.027,vel:-0.044,accelAlt:0.029,accelVel:-0.042,baroAlt:0.008,deviation:-0.021;

23:15:05.713 > >alt:0.014,vel:-0.072,accelAlt:0.027,accelVel:-0.045,baroAlt:-0.243,deviation:-0.270;

23:15:05.718 > >alt:0.000,vel:-0.098,accelAlt:0.013,accelVel:-0.073,baroAlt:-0.243,deviation:-0.256;

23:15:05.725 > >alt:0.005,vel:-0.090,accelAlt:-0.000,accelVel:-0.099,baroAlt:0.095,deviation:0.095;

23:15:05.729 > >alt:0.009,vel:-0.082,accelAlt:0.004,accelVel:-0.091,baroAlt:0.095,deviation:0.091;

23:15:05.735 > >alt:0.013,vel:-0.074,accelAlt:0.008,accelVel:-0.083,baroAlt:0.095,deviation:0.087;

23:15:05.740 > >alt:0.016,vel:-0.067,accelAlt:0.012,accelVel:-0.075,baroAlt:0.095,deviation:0.083;

23:15:05.744 > >alt:0.020,vel:-0.059,accelAlt:0.016,accelVel:-0.067,baroAlt:0.095,deviation:0.079;

23:15:05.753 > >alt:0.017,vel:-0.065,accelAlt:0.020,accelVel:-0.060,baroAlt:-0.032,deviation:-0.051;

23:15:05.758 > >alt:0.014,vel:-0.071,accelAlt:0.017,accelVel:-0.066,baroAlt:-0.032,deviation:-0.048;

23:15:05.764 > >alt:0.015,vel:-0.070,accelAlt:0.014,accelVel:-0.072,baroAlt:0.034,deviation:0.021;

23:15:05.769 > >alt:0.015,vel:-0.069,accelAlt:0.014,accelVel:-0.071,baroAlt:0.034,deviation:0.020;

23:15:05.774 > >alt:0.006,vel:-0.088,accelAlt:0.015,accelVel:-0.070,baroAlt:-0.169,deviation:-0.184;

23:15:05.780 > >alt:-0.004,vel:-0.107,accelAlt:0.005,accelVel:-0.089,baroAlt:-0.169,deviation:-0.174;

23:15:05.785 > >alt:-0.012,vel:-0.124,accelAlt:-0.004,accelVel:-0.108,baroAlt:-0.169,deviation:-0.165;

23:15:05.792 > >alt:-0.004,vel:-0.107,accelAlt:-0.013,accelVel:-0.125,baroAlt:0.164,deviation:0.177;

23:15:05.793 > >alt:0.004,vel:-0.091,accelAlt:-0.005,accelVel:-0.108,baroAlt:0.164,deviation:0.169;

23:15:05.804 > >alt:0.005,vel:-0.088,accelAlt:0.003,accelVel:-0.092,baroAlt:0.045,deviation:0.042;

23:15:05.808 > >alt:0.007,vel:-0.085,accelAlt:0.005,accelVel:-0.089,baroAlt:0.045,deviation:0.040;

23:15:05.813 > >alt:0.008,vel:-0.082,accelAlt:0.006,accelVel:-0.086,baroAlt:0.045,deviation:0.039;

23:15:05.818 > >alt:0.016,vel:-0.067,accelAlt:0.008,accelVel:-0.083,baroAlt:0.172,deviation:0.164;

23:15:05.825 > >alt:0.023,vel:-0.052,accelAlt:0.015,accelVel:-0.068,baroAlt:0.172,deviation:0.156;

23:15:05.830 > >alt:0.041,vel:-0.016,accelAlt:0.023,accelVel:-0.053,baroAlt:0.388,deviation:0.365;

23:15:05.837 > >alt:0.059,vel:0.018,accelAlt:0.041,accelVel:-0.017,baroAlt:0.388,deviation:0.347;

23:15:05.839 > >alt:0.062,vel:0.023,accelAlt:0.059,accelVel:0.017,baroAlt:0.124,deviation:0.066;

23:15:05.848 > >alt:0.065,vel:0.029,accelAlt:0.062,accelVel:0.022,baroAlt:0.124,deviation:0.062;

23:15:05.853 > >alt:0.068,vel:0.034,accelAlt:0.065,accelVel:0.028,baroAlt:0.124,deviation:0.059;

23:15:05.860 > >alt:0.077,vel:0.050,accelAlt:0.068,accelVel:0.033,baroAlt:0.243,deviation:0.175;

23:15:05.861 > >alt:0.086,vel:0.066,accelAlt:0.077,accelVel:0.049,baroAlt:0.243,deviation:0.166;

23:15:05.871 > >alt:0.086,vel:0.065,accelAlt:0.086,accelVel:0.065,baroAlt:0.090,deviation:0.004;

23:15:05.874 > >alt:0.087,vel:0.065,accelAlt:0.087,accelVel:0.064,baroAlt:0.090,deviation:0.003;

23:15:05.883 > >alt:0.097,vel:0.085,accelAlt:0.087,accelVel:0.064,baroAlt:0.293,deviation:0.206;

23:15:05.886 > >alt:0.108,vel:0.103,accelAlt:0.098,accelVel:0.083,baroAlt:0.293,deviation:0.195;

23:15:05.886 > >alt:0.118,vel:0.121,accelAlt:0.108,accelVel:0.102,baroAlt:0.293,deviation:0.185;

23:15:05.899 > >alt:0.123,vel:0.130,accelAlt:0.118,accelVel:0.120,baroAlt:0.219,deviation:0.101;

23:15:05.903 > >alt:0.129,vel:0.139,accelAlt:0.124,accelVel:0.129,baroAlt:0.219,deviation:0.095;

23:15:05.910 > >alt:0.127,vel:0.134,accelAlt:0.129,accelVel:0.138,baroAlt:0.090,deviation:-0.040;

23:15:05.911 > >alt:0.126,vel:0.129,accelAlt:0.128,accelVel:0.133,baroAlt:0.090,deviation:-0.039;

23:15:05.920 > >alt:0.125,vel:0.124,accelAlt:0.127,accelVel:0.128,baroAlt:0.090,deviation:-0.037;

23:15:05.925 > >alt:0.118,vel:0.108,accelAlt:0.126,accelVel:0.123,baroAlt:-0.026,deviation:-0.152;

23:15:05.932 > >alt:0.112,vel:0.093,accelAlt:0.119,accelVel:0.107,baroAlt:-0.026,deviation:-0.145;

23:15:05.936 > >alt:0.108,vel:0.083,accelAlt:0.112,accelVel:0.092,baroAlt:0.029,deviation:-0.083;

23:15:05.944 > >alt:0.105,vel:0.074,accelAlt:0.109,accelVel:0.082,baroAlt:0.029,deviation:-0.079;

23:15:05.950 > >alt:0.118,vel:0.099,accelAlt:0.105,accelVel:0.074,baroAlt:0.362,deviation:0.257;

23:15:05.955 > >alt:0.131,vel:0.123,accelAlt:0.118,accelVel:0.098,baroAlt:0.362,deviation:0.244;

23:15:05.959 > >alt:0.143,vel:0.145,accelAlt:0.131,accelVel:0.122,baroAlt:0.362,deviation:0.231;

23:15:05.967 > >alt:0.128,vel:0.113,accelAlt:0.143,accelVel:0.144,baroAlt:-0.164,deviation:-0.307;

23:15:05.971 > >alt:0.114,vel:0.083,accelAlt:0.129,accelVel:0.112,baroAlt:-0.164,deviation:-0.293;

23:15:05.971 > >alt:0.111,vel:0.075,accelAlt:0.115,accelVel:0.082,baroAlt:0.042,deviation:-0.072;

23:15:05.983 > >alt:0.108,vel:0.067,accelAlt:0.111,accelVel:0.074,baroAlt:0.042,deviation:-0.069;

23:15:05.986 > >alt:0.108,vel:0.066,accelAlt:0.108,accelVel:0.066,baroAlt:0.106,deviation:-0.003;

23:15:05.995 > >alt:0.109,vel:0.064,accelAlt:0.109,accelVel:0.065,baroAlt:0.106,deviation:-0.003;

23:15:05.998 > >alt:0.109,vel:0.063,accelAlt:0.109,accelVel:0.063,baroAlt:0.106,deviation:-0.003;

23:15:06.006 > >alt:0.109,vel:0.063,accelAlt:0.109,accelVel:0.062,baroAlt:0.114,deviation:0.005;

23:15:06.008 > >alt:0.110,vel:0.062,accelAlt:0.110,accelVel:0.062,baroAlt:0.114,deviation:0.004;

23:15:06.017 > >alt:0.109,vel:0.059,accelAlt:0.110,accelVel:0.061,baroAlt:0.090,deviation:-0.020;

23:15:06.023 > >alt:0.108,vel:0.056,accelAlt:0.109,accelVel:0.058,baroAlt:0.090,deviation:-0.020;

23:15:06.024 > >alt:0.108,vel:0.054,accelAlt:0.109,accelVel:0.055,baroAlt:0.090,deviation:-0.019;

23:15:06.034 > >alt:0.099,vel:0.035,accelAlt:0.108,accelVel:0.053,baroAlt:-0.069,deviation:-0.177;

23:15:06.039 > >alt:0.091,vel:0.017,accelAlt:0.099,accelVel:0.034,baroAlt:-0.069,deviation:-0.168;

23:15:06.042 > >alt:0.090,vel:0.014,accelAlt:0.091,accelVel:0.016,baroAlt:0.069,deviation:-0.022;

23:15:06.051 > >alt:0.089,vel:0.011,accelAlt:0.090,accelVel:0.013,baroAlt:0.069,deviation:-0.021;

23:15:06.054 > >alt:0.074,vel:-0.020,accelAlt:0.089,accelVel:0.010,baroAlt:-0.217,deviation:-0.306;

23:15:06.062 > >alt:0.059,vel:-0.050,accelAlt:0.074,accelVel:-0.021,baroAlt:-0.217,deviation:-0.290;

23:15:06.068 > >alt:0.045,vel:-0.079,accelAlt:0.059,accelVel:-0.051,baroAlt:-0.217,deviation:-0.276;

23:15:06.074 > >alt:0.052,vel:-0.065,accelAlt:0.045,accelVel:-0.080,baroAlt:0.188,deviation:0.143;

23:15:06.074 > >alt:0.058,vel:-0.053,accelAlt:0.051,accelVel:-0.066,baroAlt:0.188,deviation:0.136;

23:15:06.085 > >alt:0.055,vel:-0.060,accelAlt:0.058,accelVel:-0.054,baroAlt:-0.011,deviation:-0.069;

23:15:06.087 > >alt:0.051,vel:-0.068,accelAlt:0.054,accelVel:-0.061,baroAlt:-0.011,deviation:-0.065;

23:15:06.097 > >alt:0.054,vel:-0.061,accelAlt:0.051,accelVel:-0.069,baroAlt:0.124,deviation:0.074;

23:15:06.102 > >alt:0.057,vel:-0.056,accelAlt:0.054,accelVel:-0.063,baroAlt:0.124,deviation:0.070;

23:15:06.107 > >alt:0.060,vel:-0.050,accelAlt:0.057,accelVel:-0.056,baroAlt:0.124,deviation:0.067;

23:15:06.110 > >alt:0.068,vel:-0.035,accelAlt:0.060,accelVel:-0.050,baroAlt:0.217,deviation:0.157;

23:15:06.119 > >alt:0.075,vel:-0.021,accelAlt:0.068,accelVel:-0.036,baroAlt:0.217,deviation:0.149;

23:15:06.122 > >alt:0.077,vel:-0.018,accelAlt:0.075,accelVel:-0.022,baroAlt:0.108,deviation:0.033;

23:15:06.130 > >alt:0.078,vel:-0.016,accelAlt:0.077,accelVel:-0.019,baroAlt:0.108,deviation:0.032;

23:15:06.136 > >alt:0.094,vel:0.015,accelAlt:0.078,accelVel:-0.017,baroAlt:0.396,deviation:0.318;

23:15:06.141 > >alt:0.109,vel:0.044,accelAlt:0.094,accelVel:0.014,baroAlt:0.396,deviation:0.302;

23:15:06.144 > >alt:0.124,vel:0.072,accelAlt:0.109,accelVel:0.043,baroAlt:0.396,deviation:0.287;

23:15:06.153 > >alt:0.122,vel:0.066,accelAlt:0.124,accelVel:0.071,baroAlt:0.079,deviation:-0.045;

23:15:06.153 > >alt:0.120,vel:0.061,accelAlt:0.122,accelVel:0.065,baroAlt:0.079,deviation:-0.043;

23:15:06.165 > >alt:0.094,vel:0.008,accelAlt:0.120,accelVel:0.060,baroAlt:-0.402,deviation:-0.522;

23:15:06.169 > >alt:0.070,vel:-0.043,accelAlt:0.094,accelVel:0.007,baroAlt:-0.402,deviation:-0.496;

23:15:06.172 > >alt:0.046,vel:-0.090,accelAlt:0.069,accelVel:-0.043,baroAlt:-0.402,deviation:-0.471;

23:15:06.181 > >alt:0.044,vel:-0.094,accelAlt:0.045,accelVel:-0.091,baroAlt:0.016,deviation:-0.029;

23:15:06.186 > >alt:0.042,vel:-0.098,accelAlt:0.043,accelVel:-0.095,baroAlt:0.016,deviation:-0.027;

23:15:06.193 > >alt:0.032,vel:-0.117,accelAlt:0.041,accelVel:-0.099,baroAlt:-0.137,deviation:-0.179;

23:15:06.194 > >alt:0.023,vel:-0.135,accelAlt:0.032,accelVel:-0.118,baroAlt:-0.137,deviation:-0.169;

23:15:06.204 > >alt:0.011,vel:-0.160,accelAlt:0.023,accelVel:-0.136,baroAlt:-0.217,deviation:-0.239;

23:15:06.205 > >alt:-0.002,vel:-0.183,accelAlt:0.010,accelVel:-0.161,baroAlt:-0.217,deviation:-0.226;

23:15:06.214 > >alt:-0.013,vel:-0.205,accelAlt:-0.003,accelVel:-0.184,baroAlt:-0.217,deviation:-0.214;

23:15:06.219 > >alt:-0.011,vel:-0.199,accelAlt:-0.014,accelVel:-0.206,baroAlt:0.053,deviation:0.067;

23:15:06.226 > >alt:-0.009,vel:-0.194,accelAlt:-0.012,accelVel:-0.201,baroAlt:0.053,deviation:0.065;

23:15:06.230 > >alt:-0.010,vel:-0.194,accelAlt:-0.010,accelVel:-0.195,baroAlt:0.003,deviation:0.013;

23:15:06.237 > >alt:-0.010,vel:-0.193,accelAlt:-0.011,accelVel:-0.195,baroAlt:0.003,deviation:0.013;

23:15:06.242 > >alt:-0.010,vel:-0.193,accelAlt:-0.011,accelVel:-0.194,baroAlt:0.003,deviation:0.014;

23:15:06.249 > >alt:0.004,vel:-0.162,accelAlt:-0.011,accelVel:-0.193,baroAlt:0.301,deviation:0.313;

23:15:06.253 > >alt:0.018,vel:-0.133,accelAlt:0.003,accelVel:-0.163,baroAlt:0.301,deviation:0.298;

23:15:06.253 > >alt:0.024,vel:-0.121,accelAlt:0.017,accelVel:-0.134,baroAlt:0.151,deviation:0.133;

23:15:06.265 > >alt:0.030,vel:-0.109,accelAlt:0.023,accelVel:-0.122,baroAlt:0.151,deviation:0.127;

23:15:06.272 > >alt:0.035,vel:-0.098,accelAlt:0.029,accelVel:-0.110,baroAlt:0.148,deviation:0.119;

23:15:06.277 > >alt:0.040,vel:-0.088,accelAlt:0.034,accelVel:-0.099,baroAlt:0.148,deviation:0.114;

23:15:06.280 > >alt:0.045,vel:-0.078,accelAlt:0.040,accelVel:-0.089,baroAlt:0.148,deviation:0.108;

23:15:06.288 > >alt:0.044,vel:-0.080,accelAlt:0.045,accelVel:-0.079,baroAlt:0.032,deviation:-0.013;

23:15:06.289 > >alt:0.043,vel:-0.082,accelAlt:0.043,accelVel:-0.081,baroAlt:0.032,deviation:-0.012;

23:15:06.300 > >alt:0.047,vel:-0.075,accelAlt:0.042,accelVel:-0.083,baroAlt:0.127,deviation:0.084;

23:15:06.303 > >alt:0.050,vel:-0.067,accelAlt:0.046,accelVel:-0.076,baroAlt:0.127,deviation:0.081;

23:15:06.311 > >alt:0.054,vel:-0.059,accelAlt:0.050,accelVel:-0.068,baroAlt:0.140,deviation:0.090;

23:15:06.312 > >alt:0.058,vel:-0.052,accelAlt:0.054,accelVel:-0.060,baroAlt:0.140,deviation:0.086;

23:15:06.321 > >alt:0.062,vel:-0.045,accelAlt:0.058,accelVel:-0.053,baroAlt:0.140,deviation:0.082;

23:15:06.326 > >alt:0.061,vel:-0.046,accelAlt:0.062,accelVel:-0.045,baroAlt:0.053,deviation:-0.009;

23:15:06.332 > >alt:0.061,vel:-0.048,accelAlt:0.061,accelVel:-0.047,baroAlt:0.053,deviation:-0.008;

23:15:06.336 > >alt:0.063,vel:-0.045,accelAlt:0.060,accelVel:-0.049,baroAlt:0.103,deviation:0.043;

23:15:06.344 > >alt:0.064,vel:-0.042,accelAlt:0.062,accelVel:-0.046,baroAlt:0.103,deviation:0.041;

23:15:06.347 > >alt:0.066,vel:-0.038,accelAlt:0.064,accelVel:-0.042,baroAlt:0.103,deviation:0.039;

23:15:06.355 > >alt:0.061,vel:-0.049,accelAlt:0.066,accelVel:-0.039,baroAlt:-0.032,deviation:-0.098;

23:15:06.358 > >alt:0.056,vel:-0.059,accelAlt:0.061,accelVel:-0.050,baroAlt:-0.032,deviation:-0.092;

23:15:06.367 > >alt:0.045,vel:-0.082,accelAlt:0.056,accelVel:-0.060,baroAlt:-0.164,deviation:-0.220;

23:15:06.369 > >alt:0.034,vel:-0.104,accelAlt:0.044,accelVel:-0.083,baroAlt:-0.164,deviation:-0.208;

23:15:06.378 > >alt:0.022,vel:-0.128,accelAlt:0.033,accelVel:-0.105,baroAlt:-0.196,deviation:-0.229;

23:15:06.383 > >alt:0.010,vel:-0.150,accelAlt:0.021,accelVel:-0.129,baroAlt:-0.196,deviation:-0.216;

23:15:06.388 > >alt:-0.001,vel:-0.172,accelAlt:0.009,accelVel:-0.151,baroAlt:-0.196,deviation:-0.205;

23:15:06.391 > >alt:0.000,vel:-0.169,accelAlt:-0.002,accelVel:-0.173,baroAlt:0.034,deviation:0.036;

23:15:06.399 > >alt:0.001,vel:-0.166,accelAlt:-0.001,accelVel:-0.170,baroAlt:0.034,deviation:0.035;

23:15:06.407 > >alt:0.005,vel:-0.158,accelAlt:-0.000,accelVel:-0.167,baroAlt:0.095,deviation:0.095;

23:15:06.408 > >alt:0.008,vel:-0.150,accelAlt:0.004,accelVel:-0.159,baroAlt:0.095,deviation:0.092;

23:15:06.417 > >alt:0.018,vel:-0.130,accelAlt:0.007,accelVel:-0.150,baroAlt:0.211,deviation:0.204;

23:15:06.419 > >alt:0.026,vel:-0.112,accelAlt:0.017,accelVel:-0.131,baroAlt:0.211,deviation:0.195;

23:15:06.428 > >alt:0.035,vel:-0.094,accelAlt:0.026,accelVel:-0.113,baroAlt:0.211,deviation:0.185;

23:15:06.435 > >alt:0.045,vel:-0.075,accelAlt:0.035,accelVel:-0.095,baroAlt:0.233,deviation:0.198;

23:15:06.440 > >alt:0.053,vel:-0.057,accelAlt:0.044,accelVel:-0.076,baroAlt:0.233,deviation:0.188;

23:15:06.446 > >alt:0.060,vel:-0.045,accelAlt:0.053,accelVel:-0.058,baroAlt:0.188,deviation:0.134;

23:15:06.451 > >alt:0.066,vel:-0.033,accelAlt:0.060,accelVel:-0.046,baroAlt:0.188,deviation:0.128;

23:15:06.456 > >alt:0.072,vel:-0.021,accelAlt:0.066,accelVel:-0.034,baroAlt:0.188,deviation:0.122;

23:15:06.463 > >alt:0.078,vel:-0.009,accelAlt:0.072,accelVel:-0.022,baroAlt:0.203,deviation:0.132;

23:15:06.468 > >alt:0.085,vel:0.002,accelAlt:0.078,accelVel:-0.010,baroAlt:0.203,deviation:0.125;

23:15:06.468 > >alt:0.079,vel:-0.010,accelAlt:0.085,accelVel:0.002,baroAlt:-0.026,deviation:-0.111;

23:15:06.479 > >alt:0.074,vel:-0.021,accelAlt:0.079,accelVel:-0.011,baroAlt:-0.026,deviation:-0.105;

23:15:06.485 > >alt:0.067,vel:-0.035,accelAlt:0.074,accelVel:-0.022,baroAlt:-0.058,deviation:-0.132;

23:15:06.490 > >alt:0.061,vel:-0.049,accelAlt:0.067,accelVel:-0.036,baroAlt:-0.058,deviation:-0.125;

23:15:06.496 > >alt:0.054,vel:-0.061,accelAlt:0.060,accelVel:-0.049,baroAlt:-0.058,deviation:-0.118;

23:15:06.502 > >alt:0.041,vel:-0.088,accelAlt:0.054,accelVel:-0.062,baroAlt:-0.206,deviation:-0.260;

23:15:06.507 > >alt:0.028,vel:-0.114,accelAlt:0.040,accelVel:-0.089,baroAlt:-0.206,deviation:-0.247;

23:15:06.509 > >alt:0.034,vel:-0.101,accelAlt:0.028,accelVel:-0.115,baroAlt:0.166,deviation:0.139;

23:15:06.519 > >alt:0.040,vel:-0.088,accelAlt:0.034,accelVel:-0.102,baroAlt:0.166,deviation:0.133;

23:15:06.522 > >alt:0.040,vel:-0.090,accelAlt:0.040,accelVel:-0.089,baroAlt:0.034,deviation:-0.006;

23:15:06.530 > >alt:0.039,vel:-0.091,accelAlt:0.039,accelVel:-0.091,baroAlt:0.034,deviation:-0.005;

23:15:06.535 > >alt:0.038,vel:-0.093,accelAlt:0.038,accelVel:-0.092,baroAlt:0.034,deviation:-0.004;

23:15:06.541 > >alt:0.026,vel:-0.116,accelAlt:0.038,accelVel:-0.094,baroAlt:-0.190,deviation:-0.228;

23:15:06.542 > >alt:0.015,vel:-0.139,accelAlt:0.026,accelVel:-0.117,baroAlt:-0.190,deviation:-0.216;

23:15:06.553 > >alt:0.033,vel:-0.102,accelAlt:0.014,accelVel:-0.140,baroAlt:0.394,deviation:0.380;

23:15:06.558 > >alt:0.050,vel:-0.067,accelAlt:0.032,accelVel:-0.103,baroAlt:0.394,deviation:0.361;

23:15:06.561 > >alt:0.067,vel:-0.033,accelAlt:0.050,accelVel:-0.067,baroAlt:0.394,deviation:0.344;

23:15:06.569 > >alt:0.061,vel:-0.046,accelAlt:0.067,accelVel:-0.034,baroAlt:-0.053,deviation:-0.120;

23:15:06.570 > >alt:0.055,vel:-0.058,accelAlt:0.061,accelVel:-0.047,baroAlt:-0.053,deviation:-0.114;

23:15:06.581 > >alt:0.065,vel:-0.040,accelAlt:0.055,accelVel:-0.059,baroAlt:0.251,deviation:0.196;

23:15:06.585 > >alt:0.074,vel:-0.022,accelAlt:0.064,accelVel:-0.041,baroAlt:0.251,deviation:0.187;

23:15:06.592 > >alt:0.081,vel:-0.008,accelAlt:0.074,accelVel:-0.023,baroAlt:0.225,deviation:0.151;

23:15:06.594 > >alt:0.088,vel:0.006,accelAlt:0.081,accelVel:-0.009,baroAlt:0.225,deviation:0.144;

23:15:06.602 > >alt:0.095,vel:0.019,accelAlt:0.088,accelVel:0.005,baroAlt:0.225,deviation:0.136;

23:15:06.608 > >alt:0.090,vel:0.008,accelAlt:0.095,accelVel:0.018,baroAlt:0.000,deviation:-0.095;

23:15:06.614 > >alt:0.086,vel:-0.002,accelAlt:0.090,accelVel:0.007,baroAlt:0.000,deviation:-0.090;

23:15:06.620 > >alt:0.074,vel:-0.026,accelAlt:0.086,accelVel:-0.003,baroAlt:-0.148,deviation:-0.234;

23:15:06.626 > >alt:0.063,vel:-0.049,accelAlt:0.074,accelVel:-0.027,baroAlt:-0.148,deviation:-0.222;

23:15:06.630 > >alt:0.063,vel:-0.049,accelAlt:0.063,accelVel:-0.050,baroAlt:0.077,deviation:0.014;

23:15:06.637 > >alt:0.064,vel:-0.048,accelAlt:0.063,accelVel:-0.050,baroAlt:0.077,deviation:0.014;

23:15:06.642 > >alt:0.064,vel:-0.048,accelAlt:0.063,accelVel:-0.049,baroAlt:0.077,deviation:0.013;

23:15:06.648 > >alt:0.066,vel:-0.045,accelAlt:0.064,accelVel:-0.049,baroAlt:0.100,deviation:0.037;

23:15:06.653 > >alt:0.067,vel:-0.042,accelAlt:0.065,accelVel:-0.046,baroAlt:0.100,deviation:0.035;

23:15:06.653 > >alt:0.055,vel:-0.066,accelAlt:0.067,accelVel:-0.043,baroAlt:-0.164,deviation:-0.231;

23:15:06.665 > >alt:0.044,vel:-0.089,accelAlt:0.055,accelVel:-0.067,baroAlt:-0.164,deviation:-0.219;

23:15:06.670 > >alt:0.033,vel:-0.111,accelAlt:0.044,accelVel:-0.090,baroAlt:-0.164,deviation:-0.207;

23:15:06.676 > >alt:0.045,vel:-0.086,accelAlt:0.033,accelVel:-0.111,baroAlt:0.285,deviation:0.253;

23:15:06.680 > >alt:0.057,vel:-0.063,accelAlt:0.045,accelVel:-0.087,baroAlt:0.285,deviation:0.241;

23:15:06.688 > >alt:0.052,vel:-0.072,accelAlt:0.056,accelVel:-0.064,baroAlt:-0.026,deviation:-0.083;

23:15:06.691 > >alt:0.048,vel:-0.081,accelAlt:0.052,accelVel:-0.073,baroAlt:-0.026,deviation:-0.078;

23:15:06.701 > >alt:0.044,vel:-0.088,accelAlt:0.047,accelVel:-0.082,baroAlt:-0.016,deviation:-0.063;

23:15:06.704 > >alt:0.041,vel:-0.095,accelAlt:0.044,accelVel:-0.089,baroAlt:-0.016,deviation:-0.060;

23:15:06.709 > >alt:0.037,vel:-0.102,accelAlt:0.040,accelVel:-0.096,baroAlt:-0.016,deviation:-0.056;

23:15:06.716 > >alt:0.040,vel:-0.095,accelAlt:0.037,accelVel:-0.102,baroAlt:0.106,deviation:0.069;

23:15:06.721 > >alt:0.043,vel:-0.090,accelAlt:0.040,accelVel:-0.097,baroAlt:0.106,deviation:0.066;

23:15:06.724 > >alt:0.046,vel:-0.083,accelAlt:0.043,accelVel:-0.091,baroAlt:0.119,deviation:0.076;

23:15:06.733 > >alt:0.049,vel:-0.077,accelAlt:0.046,accelVel:-0.084,baroAlt:0.119,deviation:0.073;

23:15:06.737 > >alt:0.056,vel:-0.064,accelAlt:0.049,accelVel:-0.078,baroAlt:0.190,deviation:0.141;

23:15:06.744 > >alt:0.062,vel:-0.051,accelAlt:0.056,accelVel:-0.065,baroAlt:0.190,deviation:0.135;

23:15:06.746 > >alt:0.069,vel:-0.039,accelAlt:0.062,accelVel:-0.052,baroAlt:0.190,deviation:0.128;

23:15:06.756 > >alt:0.068,vel:-0.042,accelAlt:0.068,accelVel:-0.040,baroAlt:0.053,deviation:-0.016;

23:15:06.759 > >alt:0.067,vel:-0.044,accelAlt:0.067,accelVel:-0.043,baroAlt:0.053,deviation:-0.014;

23:15:06.767 > >alt:0.078,vel:-0.022,accelAlt:0.066,accelVel:-0.045,baroAlt:0.299,deviation:0.232;

23:15:06.772 > >alt:0.089,vel:-0.001,accelAlt:0.078,accelVel:-0.023,baroAlt:0.299,deviation:0.221;

23:15:06.777 > >alt:0.099,vel:0.019,accelAlt:0.089,accelVel:-0.002,baroAlt:0.299,deviation:0.210;

23:15:06.783 > >alt:0.082,vel:-0.017,accelAlt:0.099,accelVel:0.018,baroAlt:-0.254,deviation:-0.353;

23:15:06.789 > >alt:0.065,vel:-0.051,accelAlt:0.082,accelVel:-0.018,baroAlt:-0.254,deviation:-0.335;

23:15:06.790 > >alt:0.063,vel:-0.056,accelAlt:0.065,accelVel:-0.052,baroAlt:0.026,deviation:-0.038;

23:15:06.801 > >alt:0.061,vel:-0.061,accelAlt:0.062,accelVel:-0.057,baroAlt:0.026,deviation:-0.036;

23:15:06.806 > >alt:0.056,vel:-0.070,accelAlt:0.060,accelVel:-0.061,baroAlt:-0.026,deviation:-0.087;

23:15:06.812 > >alt:0.051,vel:-0.079,accelAlt:0.055,accelVel:-0.071,baroAlt:-0.026,deviation:-0.082;

23:15:06.817 > >alt:0.047,vel:-0.088,accelAlt:0.051,accelVel:-0.080,baroAlt:-0.026,deviation:-0.077;

23:15:06.823 > >alt:0.049,vel:-0.084,accelAlt:0.047,accelVel:-0.089,baroAlt:0.087,deviation:0.041;

23:15:06.828 > >alt:0.050,vel:-0.082,accelAlt:0.048,accelVel:-0.086,baroAlt:0.087,deviation:0.039;

23:15:06.835 > >alt:0.044,vel:-0.093,accelAlt:0.050,accelVel:-0.083,baroAlt:-0.058,deviation:-0.108;

23:15:06.839 > >alt:0.039,vel:-0.105,accelAlt:0.044,accelVel:-0.094,baroAlt:-0.058,deviation:-0.102;

23:15:06.842 > >alt:0.033,vel:-0.115,accelAlt:0.038,accelVel:-0.105,baroAlt:-0.058,deviation:-0.096;

23:15:06.851 > >alt:0.036,vel:-0.109,accelAlt:0.033,accelVel:-0.116,baroAlt:0.095,deviation:0.063;

23:15:06.852 > >alt:0.038,vel:-0.105,accelAlt:0.035,accelVel:-0.111,baroAlt:0.095,deviation:0.060;

23:15:06.863 > >alt:0.030,vel:-0.121,accelAlt:0.037,accelVel:-0.105,baroAlt:-0.122,deviation:-0.159;

23:15:06.868 > >alt:0.021,vel:-0.137,accelAlt:0.029,accelVel:-0.122,baroAlt:-0.122,deviation:-0.150;

23:15:06.868 > >alt:0.010,vel:-0.158,accelAlt:0.021,accelVel:-0.138,baroAlt:-0.180,deviation:-0.200;

23:15:06.879 > >alt:-0.000,vel:-0.178,accelAlt:0.009,accelVel:-0.159,baroAlt:-0.180,deviation:-0.189;

23:15:06.883 > >alt:-0.010,vel:-0.197,accelAlt:-0.001,accelVel:-0.179,baroAlt:-0.180,deviation:-0.179;

23:15:06.890 > >alt:-0.004,vel:-0.185,accelAlt:-0.011,accelVel:-0.198,baroAlt:0.119,deviation:0.130;

23:15:06.895 > >alt:0.001,vel:-0.173,accelAlt:-0.006,accelVel:-0.186,baroAlt:0.119,deviation:0.125;

23:15:06.902 > >alt:-0.009,vel:-0.192,accelAlt:-0.000,accelVel:-0.174,baroAlt:-0.174,deviation:-0.174;

23:15:06.906 > >alt:-0.018,vel:-0.209,accelAlt:-0.010,accelVel:-0.192,baroAlt:-0.174,deviation:-0.164;

23:15:06.913 > >alt:-0.022,vel:-0.216,accelAlt:-0.019,accelVel:-0.210,baroAlt:-0.079,deviation:-0.060;

23:15:06.918 > >alt:-0.027,vel:-0.222,accelAlt:-0.024,accelVel:-0.217,baroAlt:-0.079,deviation:-0.055;

23:15:06.922 > >alt:-0.030,vel:-0.228,accelAlt:-0.028,accelVel:-0.223,baroAlt:-0.079,deviation:-0.051;

23:15:06.930 > >alt:-0.033,vel:-0.233,accelAlt:-0.032,accelVel:-0.229,baroAlt:-0.069,deviation:-0.037;

23:15:06.935 > >alt:-0.037,vel:-0.237,accelAlt:-0.035,accelVel:-0.234,baroAlt:-0.069,deviation:-0.034;

23:15:06.941 > >alt:-0.030,vel:-0.223,accelAlt:-0.038,accelVel:-0.238,baroAlt:0.114,deviation:0.151;

23:15:06.942 > >alt:-0.024,vel:-0.209,accelAlt:-0.032,accelVel:-0.224,baroAlt:0.114,deviation:0.145;

23:15:06.952 > >alt:-0.019,vel:-0.196,accelAlt:-0.026,accelVel:-0.210,baroAlt:0.114,deviation:0.139;

23:15:06.954 > >alt:-0.015,vel:-0.187,accelAlt:-0.020,accelVel:-0.197,baroAlt:0.077,deviation:0.096;

23:15:06.963 > >alt:-0.011,vel:-0.179,accelAlt:-0.016,accelVel:-0.188,baroAlt:0.077,deviation:0.093;

23:15:06.968 > >alt:-0.017,vel:-0.190,accelAlt:-0.012,accelVel:-0.180,baroAlt:-0.111,deviation:-0.099;

23:15:06.975 > >alt:-0.023,vel:-0.200,accelAlt:-0.018,accelVel:-0.191,baroAlt:-0.111,deviation:-0.093;

23:15:06.980 > >alt:-0.029,vel:-0.212,accelAlt:-0.024,accelVel:-0.201,baroAlt:-0.132,deviation:-0.108;

23:15:06.986 > >alt:-0.036,vel:-0.223,accelAlt:-0.031,accelVel:-0.213,baroAlt:-0.132,deviation:-0.101;

23:15:06.990 > >alt:-0.042,vel:-0.233,accelAlt:-0.037,accelVel:-0.224,baroAlt:-0.132,deviation:-0.095;

23:15:06.998 > >alt:-0.052,vel:-0.251,accelAlt:-0.043,accelVel:-0.234,baroAlt:-0.217,deviation:-0.174;

23:15:07.002 > >alt:-0.062,vel:-0.269,accelAlt:-0.053,accelVel:-0.252,baroAlt:-0.217,deviation:-0.163;

23:15:07.008 > >alt:-0.070,vel:-0.283,accelAlt:-0.063,accelVel:-0.270,baroAlt:-0.196,deviation:-0.133;

23:15:07.010 > >alt:-0.078,vel:-0.296,accelAlt:-0.071,accelVel:-0.284,baroAlt:-0.196,deviation:-0.124;

23:15:07.021 > >alt:-0.086,vel:-0.311,accelAlt:-0.079,accelVel:-0.297,baroAlt:-0.211,deviation:-0.132;

23:15:07.022 > >alt:-0.094,vel:-0.324,accelAlt:-0.088,accelVel:-0.312,baroAlt:-0.211,deviation:-0.124;

23:15:07.031 > >alt:-0.101,vel:-0.336,accelAlt:-0.096,accelVel:-0.325,baroAlt:-0.211,deviation:-0.116;

23:15:07.035 > >alt:-0.119,vel:-0.368,accelAlt:-0.103,accelVel:-0.337,baroAlt:-0.412,deviation:-0.309;

23:15:07.042 > >alt:-0.136,vel:-0.398,accelAlt:-0.121,accelVel:-0.369,baroAlt:-0.412,deviation:-0.291;

23:15:07.044 > >alt:-0.130,vel:-0.384,accelAlt:-0.138,accelVel:-0.399,baroAlt:0.016,deviation:0.153;

23:15:07.054 > >alt:-0.125,vel:-0.370,accelAlt:-0.133,accelVel:-0.385,baroAlt:0.016,deviation:0.148;

23:15:07.058 > >alt:-0.113,vel:-0.342,accelAlt:-0.127,accelVel:-0.371,baroAlt:0.161,deviation:0.288;

23:15:07.066 > >alt:-0.101,vel:-0.315,accelAlt:-0.115,accelVel:-0.343,baroAlt:0.161,deviation:0.276;

23:15:07.069 > >alt:-0.089,vel:-0.290,accelAlt:-0.103,accelVel:-0.316,baroAlt:0.161,deviation:0.264;

23:15:07.077 > >alt:-0.085,vel:-0.279,accelAlt:-0.091,accelVel:-0.291,baroAlt:0.024,deviation:0.115;

23:15:07.080 > >alt:-0.081,vel:-0.269,accelAlt:-0.087,accelVel:-0.280,baroAlt:0.024,deviation:0.111;

23:15:07.088 > >alt:-0.077,vel:-0.257,accelAlt:-0.083,accelVel:-0.270,baroAlt:0.042,deviation:0.125;

23:15:07.090 > >alt:-0.072,vel:-0.247,accelAlt:-0.078,accelVel:-0.259,baroAlt:0.042,deviation:0.121;

23:15:07.090 > >alt:-0.068,vel:-0.236,accelAlt:-0.074,accelVel:-0.247,baroAlt:0.042,deviation:0.116;

23:15:07.105 > >alt:-0.076,vel:-0.250,accelAlt:-0.069,accelVel:-0.237,baroAlt:-0.206,deviation:-0.137;

23:15:07.108 > >alt:-0.084,vel:-0.264,accelAlt:-0.077,accelVel:-0.251,baroAlt:-0.206,deviation:-0.129;

23:15:07.116 > >alt:-0.089,vel:-0.272,accelAlt:-0.085,accelVel:-0.265,baroAlt:-0.153,deviation:-0.068;

23:15:07.122 > >alt:-0.094,vel:-0.279,accelAlt:-0.090,accelVel:-0.273,baroAlt:-0.153,deviation:-0.063;

23:15:07.128 > >alt:-0.083,vel:-0.256,accelAlt:-0.095,accelVel:-0.280,baroAlt:0.140,deviation:0.235;

23:15:07.130 > >alt:-0.074,vel:-0.235,accelAlt:-0.085,accelVel:-0.258,baroAlt:0.140,deviation:0.225;

23:15:07.138 > >alt:-0.064,vel:-0.214,accelAlt:-0.075,accelVel:-0.236,baroAlt:0.140,deviation:0.215;

23:15:07.142 > >alt:-0.069,vel:-0.222,accelAlt:-0.065,accelVel:-0.215,baroAlt:-0.132,deviation:-0.067;

23:15:07.142 > >alt:-0.073,vel:-0.229,accelAlt:-0.070,accelVel:-0.223,baroAlt:-0.132,deviation:-0.062;

23:15:07.156 > >alt:-0.063,vel:-0.206,accelAlt:-0.074,accelVel:-0.230,baroAlt:0.159,deviation:0.233;

23:15:07.159 > >alt:-0.053,vel:-0.185,accelAlt:-0.064,accelVel:-0.207,baroAlt:0.159,deviation:0.223;

23:15:07.167 > >alt:-0.049,vel:-0.176,accelAlt:-0.054,accelVel:-0.186,baroAlt:0.048,deviation:0.101;

23:15:07.170 > >alt:-0.045,vel:-0.167,accelAlt:-0.050,accelVel:-0.177,baroAlt:0.048,deviation:0.097;

23:15:07.177 > >alt:-0.041,vel:-0.159,accelAlt:-0.046,accelVel:-0.168,baroAlt:0.048,deviation:0.093;

23:15:07.184 > >alt:-0.041,vel:-0.158,accelAlt:-0.042,accelVel:-0.159,baroAlt:-0.026,deviation:0.016;

23:15:07.189 > >alt:-0.041,vel:-0.157,accelAlt:-0.042,accelVel:-0.159,baroAlt:-0.026,deviation:0.016;

23:15:07.190 > >alt:-0.043,vel:-0.160,accelAlt:-0.042,accelVel:-0.158,baroAlt:-0.058,deviation:-0.016;

23:15:07.200 > >alt:-0.045,vel:-0.162,accelAlt:-0.044,accelVel:-0.161,baroAlt:-0.058,deviation:-0.014;

23:15:07.206 > >alt:-0.046,vel:-0.164,accelAlt:-0.046,accelVel:-0.163,baroAlt:-0.058,deviation:-0.012;

23:15:07.210 > >alt:-0.046,vel:-0.162,accelAlt:-0.047,accelVel:-0.165,baroAlt:-0.021,deviation:0.026;

23:15:07.217 > >alt:-0.046,vel:-0.161,accelAlt:-0.047,accelVel:-0.164,baroAlt:-0.021,deviation:0.026;

23:15:07.222 > >alt:-0.053,vel:-0.175,accelAlt:-0.046,accelVel:-0.162,baroAlt:-0.174,deviation:-0.128;

23:15:07.229 > >alt:-0.060,vel:-0.188,accelAlt:-0.054,accelVel:-0.176,baroAlt:-0.174,deviation:-0.120;

23:15:07.235 > >alt:-0.065,vel:-0.196,accelAlt:-0.061,accelVel:-0.189,baroAlt:-0.132,deviation:-0.071;

23:15:07.240 > >alt:-0.069,vel:-0.203,accelAlt:-0.066,accelVel:-0.197,baroAlt:-0.132,deviation:-0.066;

23:15:07.242 > >alt:-0.073,vel:-0.210,accelAlt:-0.070,accelVel:-0.204,baroAlt:-0.132,deviation:-0.062;

23:15:07.252 > >alt:-0.073,vel:-0.209,accelAlt:-0.074,accelVel:-0.211,baroAlt:-0.048,deviation:0.027;

23:15:07.257 > >alt:-0.073,vel:-0.207,accelAlt:-0.074,accelVel:-0.210,baroAlt:-0.048,deviation:0.027;

23:15:07.259 > >alt:-0.069,vel:-0.198,accelAlt:-0.074,accelVel:-0.208,baroAlt:0.026,deviation:0.100;

23:15:07.268 > >alt:-0.066,vel:-0.189,accelAlt:-0.070,accelVel:-0.199,baroAlt:0.026,deviation:0.097;

23:15:07.271 > >alt:-0.062,vel:-0.181,accelAlt:-0.066,accelVel:-0.190,baroAlt:0.026,deviation:0.093;

23:15:07.279 > >alt:-0.063,vel:-0.182,accelAlt:-0.063,accelVel:-0.181,baroAlt:-0.063,deviation:-0.001;

23:15:07.284 > >alt:-0.064,vel:-0.183,accelAlt:-0.064,accelVel:-0.183,baroAlt:-0.063,deviation:0.001;

23:15:07.288 > >alt:-0.046,vel:-0.147,accelAlt:-0.065,accelVel:-0.183,baroAlt:0.304,deviation:0.369;

23:15:07.296 > >alt:-0.030,vel:-0.112,accelAlt:-0.047,accelVel:-0.148,baroAlt:0.304,deviation:0.351;

23:15:07.303 > >alt:-0.029,vel:-0.111,accelAlt:-0.030,accelVel:-0.113,baroAlt:-0.005,deviation:0.025;

23:15:07.308 > >alt:-0.029,vel:-0.109,accelAlt:-0.030,accelVel:-0.112,baroAlt:-0.005,deviation:0.025;

23:15:07.313 > >alt:-0.028,vel:-0.108,accelAlt:-0.029,accelVel:-0.110,baroAlt:-0.005,deviation:0.024;

23:15:07.318 > >alt:-0.039,vel:-0.129,accelAlt:-0.029,accelVel:-0.108,baroAlt:-0.238,deviation:-0.209;

23:15:07.324 > >alt:-0.050,vel:-0.150,accelAlt:-0.040,accelVel:-0.130,baroAlt:-0.238,deviation:-0.198;

23:15:07.330 > >alt:-0.056,vel:-0.162,accelAlt:-0.051,accelVel:-0.151,baroAlt:-0.164,deviation:-0.113;

23:15:07.336 > >alt:-0.063,vel:-0.174,accelAlt:-0.057,accelVel:-0.163,baroAlt:-0.164,deviation:-0.107;

23:15:07.338 > >alt:-0.062,vel:-0.173,accelAlt:-0.064,accelVel:-0.175,baroAlt:-0.042,deviation:0.021;

23:15:07.347 > >alt:-0.063,vel:-0.172,accelAlt:-0.064,accelVel:-0.174,baroAlt:-0.042,deviation:0.021;

23:15:07.352 > >alt:-0.062,vel:-0.170,accelAlt:-0.063,accelVel:-0.172,baroAlt:-0.042,deviation:0.021;

23:15:07.359 > >alt:-0.050,vel:-0.145,accelAlt:-0.063,accelVel:-0.171,baroAlt:0.198,deviation:0.261;

23:15:07.360 > >alt:-0.039,vel:-0.121,accelAlt:-0.051,accelVel:-0.146,baroAlt:0.198,deviation:0.249;

23:15:07.370 > >alt:-0.057,vel:-0.156,accelAlt:-0.039,accelVel:-0.122,baroAlt:-0.386,deviation:-0.347;

23:15:07.374 > >alt:-0.074,vel:-0.190,accelAlt:-0.058,accelVel:-0.157,baroAlt:-0.386,deviation:-0.328;

23:15:07.380 > >alt:-0.091,vel:-0.222,accelAlt:-0.075,accelVel:-0.191,baroAlt:-0.386,deviation:-0.311;

23:15:07.385 > >alt:-0.087,vel:-0.214,accelAlt:-0.092,accelVel:-0.223,baroAlt:-0.005,deviation:0.086;

23:15:07.392 > >alt:-0.085,vel:-0.207,accelAlt:-0.089,accelVel:-0.215,baroAlt:-0.005,deviation:0.083;

23:15:07.395 > >alt:-0.065,vel:-0.166,accelAlt:-0.086,accelVel:-0.208,baroAlt:0.328,deviation:0.413;

23:15:07.403 > >alt:-0.046,vel:-0.128,accelAlt:-0.066,accelVel:-0.167,baroAlt:0.328,deviation:0.394;

23:15:07.406 > >alt:-0.045,vel:-0.125,accelAlt:-0.047,accelVel:-0.129,baroAlt:-0.011,deviation:0.036;

23:15:07.415 > >alt:-0.044,vel:-0.123,accelAlt:-0.046,accelVel:-0.126,baroAlt:-0.011,deviation:0.035;

23:15:07.420 > >alt:-0.043,vel:-0.120,accelAlt:-0.045,accelVel:-0.124,baroAlt:-0.011,deviation:0.034;

23:15:07.420 > >alt:-0.031,vel:-0.096,accelAlt:-0.044,accelVel:-0.121,baroAlt:0.209,deviation:0.253;

23:15:07.431 > >alt:-0.020,vel:-0.073,accelAlt:-0.032,accelVel:-0.097,baroAlt:0.209,deviation:0.241;

23:15:07.438 > >alt:-0.020,vel:-0.073,accelAlt:-0.020,accelVel:-0.074,baroAlt:-0.016,deviation:0.004;

23:15:07.443 > >alt:-0.020,vel:-0.074,accelAlt:-0.020,accelVel:-0.075,baroAlt:-0.016,deviation:0.005;

23:15:07.450 > >alt:-0.019,vel:-0.071,accelAlt:-0.021,accelVel:-0.075,baroAlt:0.018,deviation:0.039;

23:15:07.454 > >alt:-0.017,vel:-0.068,accelAlt:-0.019,accelVel:-0.072,baroAlt:0.018,deviation:0.038;

23:15:07.458 > >alt:-0.016,vel:-0.066,accelAlt:-0.018,accelVel:-0.069,baroAlt:0.018,deviation:0.036;

23:15:07.466 > >alt:-0.026,vel:-0.086,accelAlt:-0.016,accelVel:-0.067,baroAlt:-0.206,deviation:-0.190;

23:15:07.469 > >alt:-0.035,vel:-0.104,accelAlt:-0.026,accelVel:-0.086,baroAlt:-0.206,deviation:-0.180;

23:15:07.469 > >alt:-0.046,vel:-0.126,accelAlt:-0.036,accelVel:-0.105,baroAlt:-0.248,deviation:-0.213;

23:15:07.482 > >alt:-0.057,vel:-0.147,accelAlt:-0.047,accelVel:-0.127,baroAlt:-0.248,deviation:-0.201;

23:15:07.485 > >alt:-0.067,vel:-0.167,accelAlt:-0.058,accelVel:-0.148,baroAlt:-0.248,deviation:-0.190;

23:15:07.494 > >alt:-0.052,vel:-0.136,accelAlt:-0.068,accelVel:-0.168,baroAlt:0.256,deviation:0.325;

23:15:07.495 > >alt:-0.038,vel:-0.106,accelAlt:-0.053,accelVel:-0.137,baroAlt:0.256,deviation:0.309;

23:15:07.505 > >alt:-0.024,vel:-0.078,accelAlt:-0.038,accelVel:-0.107,baroAlt:0.251,deviation:0.289;

23:15:07.509 > >alt:-0.010,vel:-0.051,accelAlt:-0.024,accelVel:-0.079,baroAlt:0.251,deviation:0.275;

23:15:07.509 > >alt:-0.003,vel:-0.037,accelAlt:-0.011,accelVel:-0.052,baroAlt:0.143,deviation:0.153;

23:15:07.521 > >alt:0.004,vel:-0.023,accelAlt:-0.003,accelVel:-0.038,baroAlt:0.143,deviation:0.146;

23:15:07.526 > >alt:0.011,vel:-0.010,accelAlt:0.004,accelVel:-0.024,baroAlt:0.143,deviation:0.139;

23:15:07.533 > >alt:-0.010,vel:-0.053,accelAlt:0.011,accelVel:-0.011,baroAlt:-0.412,deviation:-0.423;

23:15:07.538 > >alt:-0.031,vel:-0.095,accelAlt:-0.011,accelVel:-0.055,baroAlt:-0.412,deviation:-0.401;

23:15:07.545 > >alt:-0.037,vel:-0.107,accelAlt:-0.031,accelVel:-0.096,baroAlt:-0.143,deviation:-0.111;

23:15:07.546 > >alt:-0.043,vel:-0.118,accelAlt:-0.038,accelVel:-0.108,baroAlt:-0.143,deviation:-0.105;

23:15:07.556 > >alt:-0.026,vel:-0.085,accelAlt:-0.043,accelVel:-0.119,baroAlt:0.296,deviation:0.339;

23:15:07.559 > >alt:-0.011,vel:-0.054,accelAlt:-0.027,accelVel:-0.086,baroAlt:0.296,deviation:0.323;

23:15:07.566 > >alt:0.004,vel:-0.024,accelAlt:-0.011,accelVel:-0.055,baroAlt:0.296,deviation:0.307;

23:15:07.570 > >alt:0.004,vel:-0.025,accelAlt:0.004,accelVel:-0.025,baroAlt:0.000,deviation:-0.004;

23:15:07.578 > >alt:0.004,vel:-0.027,accelAlt:0.004,accelVel:-0.026,baroAlt:0.000,deviation:-0.004;

23:15:07.584 > >alt:0.015,vel:-0.005,accelAlt:0.003,accelVel:-0.027,baroAlt:0.230,deviation:0.226;

23:15:07.589 > >alt:0.025,vel:0.016,accelAlt:0.015,accelVel:-0.006,baroAlt:0.230,deviation:0.215;

23:15:07.592 > >alt:0.036,vel:0.035,accelAlt:0.025,accelVel:0.015,baroAlt:0.230,deviation:0.204;

23:15:07.601 > >alt:0.048,vel:0.059,accelAlt:0.036,accelVel:0.035,baroAlt:0.277,deviation:0.242;

23:15:07.603 > >alt:0.060,vel:0.081,accelAlt:0.048,accelVel:0.058,baroAlt:0.277,deviation:0.229;

23:15:07.612 > >alt:0.078,vel:0.116,accelAlt:0.060,accelVel:0.080,baroAlt:0.423,deviation:0.363;

23:15:07.617 > >alt:0.096,vel:0.149,accelAlt:0.079,accelVel:0.115,baroAlt:0.423,deviation:0.344;

23:15:07.624 > >alt:0.082,vel:0.118,accelAlt:0.097,accelVel:0.148,baroAlt:-0.206,deviation:-0.303;

23:15:07.628 > >alt:0.068,vel:0.088,accelAlt:0.083,accelVel:0.117,baroAlt:-0.206,deviation:-0.289;

23:15:07.633 > >alt:0.055,vel:0.060,accelAlt:0.069,accelVel:0.087,baroAlt:-0.206,deviation:-0.275;

23:15:07.640 > >alt:0.045,vel:0.039,accelAlt:0.055,accelVel:0.059,baroAlt:-0.143,deviation:-0.198;

23:15:07.645 > >alt:0.036,vel:0.019,accelAlt:0.046,accelVel:0.038,baroAlt:-0.143,deviation:-0.188;

23:15:07.651 > >alt:0.033,vel:0.012,accelAlt:0.036,accelVel:0.018,baroAlt:-0.032,deviation:-0.068;

23:15:07.656 > >alt:0.030,vel:0.004,accelAlt:0.033,accelVel:0.011,baroAlt:-0.032,deviation:-0.065;

23:15:07.659 > >alt:0.029,vel:0.002,accelAlt:0.030,accelVel:0.003,baroAlt:0.013,deviation:-0.016;

23:15:07.668 > >alt:0.028,vel:-0.001,accelAlt:0.029,accelVel:0.000,baroAlt:0.013,deviation:-0.016;

23:15:07.671 > >alt:0.027,vel:-0.004,accelAlt:0.028,accelVel:-0.002,baroAlt:0.013,deviation:-0.015;

23:15:07.680 > >alt:0.029,vel:-0.001,accelAlt:0.027,accelVel:-0.004,baroAlt:0.058,deviation:0.031;

23:15:07.684 > >alt:0.030,vel:0.001,accelAlt:0.029,accelVel:-0.002,baroAlt:0.058,deviation:0.029;

23:15:07.691 > >alt:0.021,vel:-0.018,accelAlt:0.030,accelVel:-0.000,baroAlt:-0.148,deviation:-0.178;

23:15:07.692 > >alt:0.013,vel:-0.036,accelAlt:0.021,accelVel:-0.019,baroAlt:-0.148,deviation:-0.169;

23:15:07.701 > >alt:0.005,vel:-0.053,accelAlt:0.013,accelVel:-0.037,baroAlt:-0.148,deviation:-0.161;

23:15:07.707 > >alt:-0.016,vel:-0.095,accelAlt:0.004,accelVel:-0.054,baroAlt:-0.407,deviation:-0.411;

23:15:07.713 > >alt:-0.036,vel:-0.135,accelAlt:-0.017,accelVel:-0.096,baroAlt:-0.407,deviation:-0.390;

23:15:07.718 > >alt:-0.053,vel:-0.168,accelAlt:-0.037,accelVel:-0.136,baroAlt:-0.354,deviation:-0.317;

23:15:07.724 > >alt:-0.069,vel:-0.199,accelAlt:-0.054,accelVel:-0.169,baroAlt:-0.354,deviation:-0.300;

23:15:07.730 > >alt:-0.057,vel:-0.174,accelAlt:-0.070,accelVel:-0.199,baroAlt:0.182,deviation:0.252;

23:15:07.736 > >alt:-0.047,vel:-0.151,accelAlt:-0.059,accelVel:-0.175,baroAlt:0.182,deviation:0.241;

23:15:07.739 > >alt:-0.036,vel:-0.129,accelAlt:-0.047,accelVel:-0.152,baroAlt:0.182,deviation:0.230;

23:15:07.747 > >alt:-0.038,vel:-0.132,accelAlt:-0.036,accelVel:-0.130,baroAlt:-0.058,deviation:-0.022;

23:15:07.752 > >alt:-0.039,vel:-0.135,accelAlt:-0.038,accelVel:-0.133,baroAlt:-0.058,deviation:-0.020;

23:15:07.759 > >alt:-0.028,vel:-0.113,accelAlt:-0.040,accelVel:-0.136,baroAlt:0.196,deviation:0.236;

23:15:07.760 > >alt:-0.018,vel:-0.091,accelAlt:-0.029,accelVel:-0.114,baroAlt:0.196,deviation:0.225;

23:15:07.769 > >alt:-0.026,vel:-0.107,accelAlt:-0.018,accelVel:-0.092,baroAlt:-0.164,deviation:-0.145;

23:15:07.775 > >alt:-0.033,vel:-0.121,accelAlt:-0.026,accelVel:-0.108,baroAlt:-0.164,deviation:-0.138;

23:15:07.780 > >alt:-0.040,vel:-0.135,accelAlt:-0.034,accelVel:-0.122,baroAlt:-0.164,deviation:-0.130;

23:15:07.787 > >alt:-0.029,vel:-0.112,accelAlt:-0.041,accelVel:-0.136,baroAlt:0.196,deviation:0.237;

23:15:07.788 > >alt:-0.019,vel:-0.091,accelAlt:-0.030,accelVel:-0.113,baroAlt:0.196,deviation:0.225;

23:15:07.798 > >alt:-0.014,vel:-0.082,accelAlt:-0.019,accelVel:-0.092,baroAlt:0.077,deviation:0.096;

23:15:07.803 > >alt:-0.010,vel:-0.074,accelAlt:-0.015,accelVel:-0.083,baroAlt:0.077,deviation:0.092;

23:15:07.808 > >alt:-0.006,vel:-0.066,accelAlt:-0.011,accelVel:-0.075,baroAlt:0.077,deviation:0.087;

23:15:07.814 > >alt:-0.007,vel:-0.068,accelAlt:-0.007,accelVel:-0.067,baroAlt:-0.016,deviation:-0.009;

23:15:07.819 > >alt:-0.008,vel:-0.071,accelAlt:-0.008,accelVel:-0.070,baroAlt:-0.016,deviation:-0.008;

23:15:07.825 > >alt:-0.002,vel:-0.059,accelAlt:-0.008,accelVel:-0.072,baroAlt:0.119,deviation:0.127;

23:15:07.831 > >alt:0.004,vel:-0.048,accelAlt:-0.002,accelVel:-0.060,baroAlt:0.119,deviation:0.121;

23:15:07.835 > >alt:0.014,vel:-0.026,accelAlt:0.003,accelVel:-0.048,baroAlt:0.222,deviation:0.219;

23:15:07.843 > >alt:0.025,vel:-0.006,accelAlt:0.014,accelVel:-0.027,baroAlt:0.222,deviation:0.208;

23:15:07.845 > >alt:0.034,vel:0.013,accelAlt:0.025,accelVel:-0.007,baroAlt:0.222,deviation:0.197;

23:15:07.854 > >alt:0.035,vel:0.013,accelAlt:0.034,accelVel:0.012,baroAlt:0.048,deviation:0.013;

23:15:07.858 > >alt:0.036,vel:0.013,accelAlt:0.035,accelVel:0.012,baroAlt:0.048,deviation:0.012;

23:15:07.866 > >alt:0.024,vel:-0.011,accelAlt:0.036,accelVel:0.012,baroAlt:-0.196,deviation:-0.231;

23:15:07.870 > >alt:0.013,vel:-0.034,accelAlt:0.024,accelVel:-0.012,baroAlt:-0.196,deviation:-0.220;

23:15:07.870 > >alt:0.003,vel:-0.055,accelAlt:0.013,accelVel:-0.034,baroAlt:-0.196,deviation:-0.209;

23:15:07.882 > >alt:-0.001,vel:-0.062,accelAlt:0.002,accelVel:-0.056,baroAlt:-0.063,deviation:-0.066;

23:15:07.886 > >alt:-0.004,vel:-0.070,accelAlt:-0.001,accelVel:-0.063,baroAlt:-0.063,deviation:-0.062;

23:15:07.886 > >alt:0.001,vel:-0.059,accelAlt:-0.005,accelVel:-0.070,baroAlt:0.103,deviation:0.108;

23:15:07.899 > >alt:0.005,vel:-0.051,accelAlt:0.000,accelVel:-0.061,baroAlt:0.103,deviation:0.103;

23:15:07.903 > >alt:0.009,vel:-0.044,accelAlt:0.005,accelVel:-0.052,baroAlt:0.082,deviation:0.077;

23:15:07.910 > >alt:0.012,vel:-0.038,accelAlt:0.009,accelVel:-0.045,baroAlt:0.082,deviation:0.073;

23:15:07.912 > >alt:0.016,vel:-0.032,accelAlt:0.012,accelVel:-0.039,baroAlt:0.082,deviation:0.070;

23:15:07.921 > >alt:0.040,vel:0.016,accelAlt:0.015,accelVel:-0.033,baroAlt:0.505,deviation:0.489;

23:15:07.924 > >alt:0.063,vel:0.062,accelAlt:0.040,accelVel:0.015,baroAlt:0.505,deviation:0.465;

23:15:07.933 > >alt:0.072,vel:0.078,accelAlt:0.063,accelVel:0.061,baroAlt:0.227,deviation:0.164;

23:15:07.935 > >alt:0.080,vel:0.092,accelAlt:0.072,accelVel:0.076,baroAlt:0.227,deviation:0.155;

23:15:07.935 > >alt:0.090,vel:0.109,accelAlt:0.080,accelVel:0.090,baroAlt:0.267,deviation:0.186;

23:15:07.949 > >alt:0.099,vel:0.126,accelAlt:0.090,accelVel:0.108,baroAlt:0.267,deviation:0.176;

23:15:07.952 > >alt:0.108,vel:0.142,accelAlt:0.100,accelVel:0.125,baroAlt:0.267,deviation:0.167;

23:15:07.961 > >alt:0.104,vel:0.131,accelAlt:0.109,accelVel:0.141,baroAlt:0.013,deviation:-0.096;

23:15:07.963 > >alt:0.100,vel:0.121,accelAlt:0.105,accelVel:0.131,baroAlt:0.013,deviation:-0.092;

23:15:07.973 > >alt:0.095,vel:0.109,accelAlt:0.101,accelVel:0.121,baroAlt:-0.021,deviation:-0.122;

23:15:07.974 > >alt:0.090,vel:0.096,accelAlt:0.096,accelVel:0.107,baroAlt:-0.021,deviation:-0.117;

23:15:07.980 > >alt:0.085,vel:0.084,accelAlt:0.090,accelVel:0.095,baroAlt:-0.021,deviation:-0.111;

23:15:07.987 > >alt:0.076,vel:0.065,accelAlt:0.085,accelVel:0.083,baroAlt:-0.095,deviation:-0.180;

23:15:08.004 > >alt:0.068,vel:0.046,accelAlt:0.076,accelVel:0.064,baroAlt:-0.095,deviation:-0.172;

23:15:08.004 > >alt:0.070,vel:0.049,accelAlt:0.068,accelVel:0.046,baroAlt:0.106,deviation:0.038;

23:15:08.008 > >alt:0.072,vel:0.052,accelAlt:0.070,accelVel:0.048,baroAlt:0.106,deviation:0.035;

23:15:08.011 > >alt:0.061,vel:0.028,accelAlt:0.072,accelVel:0.051,baroAlt:-0.153,deviation:-0.226;

23:15:08.025 > >alt:0.051,vel:0.006,accelAlt:0.061,accelVel:0.027,baroAlt:-0.153,deviation:-0.214;

23:15:08.025 > >alt:0.040,vel:-0.015,accelAlt:0.051,accelVel:0.005,baroAlt:-0.153,deviation:-0.204;

23:15:08.027 > >alt:0.046,vel:-0.004,accelAlt:0.040,accelVel:-0.016,baroAlt:0.156,deviation:0.116;

23:15:08.037 > >alt:0.052,vel:0.006,accelAlt:0.046,accelVel:-0.005,baroAlt:0.156,deviation:0.110;

23:15:08.040 > >alt:0.051,vel:0.003,accelAlt:0.052,accelVel:0.005,baroAlt:0.032,deviation:-0.020;

23:15:08.053 > >alt:0.050,vel:0.000,accelAlt:0.051,accelVel:0.002,baroAlt:0.032,deviation:-0.019;

23:15:08.053 > >alt:0.041,vel:-0.018,accelAlt:0.050,accelVel:-0.001,baroAlt:-0.122,deviation:-0.171;

23:15:08.061 > >alt:0.033,vel:-0.035,accelAlt:0.041,accelVel:-0.019,baroAlt:-0.122,deviation:-0.162;

23:15:08.061 > >alt:0.025,vel:-0.051,accelAlt:0.033,accelVel:-0.036,baroAlt:-0.122,deviation:-0.154;

23:15:08.068 > >alt:0.036,vel:-0.030,accelAlt:0.025,accelVel:-0.052,baroAlt:0.248,deviation:0.224;

23:15:08.072 > >alt:0.046,vel:-0.010,accelAlt:0.036,accelVel:-0.031,baroAlt:0.248,deviation:0.213;

23:15:08.097 > >alt:0.048,vel:-0.007,accelAlt:0.046,accelVel:-0.011,baroAlt:0.077,deviation:0.030;

23:15:08.097 > >alt:0.049,vel:-0.006,accelAlt:0.048,accelVel:-0.009,baroAlt:0.077,deviation:0.029;

23:15:08.097 > >alt:0.050,vel:-0.004,accelAlt:0.049,accelVel:-0.006,baroAlt:0.077,deviation:0.028;

23:15:08.097 > >alt:0.049,vel:-0.006,accelAlt:0.050,accelVel:-0.004,baroAlt:0.029,deviation:-0.021;

23:15:08.101 > >alt:0.048,vel:-0.009,accelAlt:0.049,accelVel:-0.007,baroAlt:0.029,deviation:-0.020;

23:15:08.114 > >alt:0.054,vel:0.002,accelAlt:0.048,accelVel:-0.010,baroAlt:0.166,deviation:0.118;

23:15:08.114 > >alt:0.060,vel:0.012,accelAlt:0.054,accelVel:0.001,baroAlt:0.166,deviation:0.112;

23:15:08.119 > >alt:0.077,vel:0.045,accelAlt:0.060,accelVel:0.011,baroAlt:0.402,deviation:0.342;

23:15:08.124 > >alt:0.093,vel:0.076,accelAlt:0.077,accelVel:0.044,baroAlt:0.402,deviation:0.324;

23:15:08.129 > >alt:0.109,vel:0.106,accelAlt:0.094,accelVel:0.075,baroAlt:0.402,deviation:0.308;

23:15:08.142 > >alt:0.092,vel:0.071,accelAlt:0.110,accelVel:0.106,baroAlt:-0.238,deviation:-0.348;

23:15:08.142 > >alt:0.076,vel:0.037,accelAlt:0.093,accelVel:0.070,baroAlt:-0.238,deviation:-0.331;

23:15:08.146 > >alt:0.085,vel:0.053,accelAlt:0.076,accelVel:0.036,baroAlt:0.246,deviation:0.169;

23:15:08.152 > >alt:0.093,vel:0.068,accelAlt:0.085,accelVel:0.052,baroAlt:0.246,deviation:0.160;

23:15:08.155 > >alt:0.103,vel:0.087,accelAlt:0.094,accelVel:0.067,baroAlt:0.288,deviation:0.194;

23:15:08.164 > >alt:0.113,vel:0.104,accelAlt:0.104,accelVel:0.086,baroAlt:0.288,deviation:0.184;

23:15:08.169 > >alt:0.122,vel:0.121,accelAlt:0.114,accelVel:0.103,baroAlt:0.288,deviation:0.174;

23:15:08.175 > >alt:0.118,vel:0.110,accelAlt:0.123,accelVel:0.120,baroAlt:0.024,deviation:-0.099;

23:15:08.176 > >alt:0.114,vel:0.099,accelAlt:0.119,accelVel:0.109,baroAlt:0.024,deviation:-0.095;

23:15:08.187 > >alt:0.098,vel:0.066,accelAlt:0.114,accelVel:0.098,baroAlt:-0.206,deviation:-0.321;

23:15:08.188 > >alt:0.084,vel:0.035,accelAlt:0.099,accelVel:0.065,baroAlt:-0.206,deviation:-0.305;

23:15:08.197 > >alt:0.069,vel:0.005,accelAlt:0.084,accelVel:0.034,baroAlt:-0.206,deviation:-0.290;

23:15:08.201 > >alt:0.079,vel:0.024,accelAlt:0.069,accelVel:0.004,baroAlt:0.267,deviation:0.198;

23:15:08.208 > >alt:0.089,vel:0.041,accelAlt:0.079,accelVel:0.023,baroAlt:0.267,deviation:0.188;

23:15:08.214 > >alt:0.091,vel:0.046,accelAlt:0.089,accelVel:0.041,baroAlt:0.140,deviation:0.051;

23:15:08.219 > >alt:0.094,vel:0.050,accelAlt:0.092,accelVel:0.045,baroAlt:0.140,deviation:0.048;

23:15:08.223 > >alt:0.100,vel:0.060,accelAlt:0.094,accelVel:0.049,baroAlt:0.211,deviation:0.117;

23:15:08.231 > >alt:0.106,vel:0.071,accelAlt:0.101,accelVel:0.060,baroAlt:0.211,deviation:0.111;

23:15:08.235 > >alt:0.112,vel:0.080,accelAlt:0.107,accelVel:0.070,baroAlt:0.211,deviation:0.105;

23:15:08.242 > >alt:0.116,vel:0.087,accelAlt:0.112,accelVel:0.080,baroAlt:0.188,deviation:0.075;

23:15:08.243 > >alt:0.120,vel:0.093,accelAlt:0.117,accelVel:0.086,baroAlt:0.188,deviation:0.071;

23:15:08.253 > >alt:0.111,vel:0.073,accelAlt:0.121,accelVel:0.092,baroAlt:-0.069,deviation:-0.189;

23:15:08.259 > >alt:0.103,vel:0.054,accelAlt:0.112,accelVel:0.072,baroAlt:-0.069,deviation:-0.180;

23:15:08.266 > >alt:0.099,vel:0.046,accelAlt:0.103,accelVel:0.053,baroAlt:0.032,deviation:-0.071;

23:15:08.269 > >alt:0.096,vel:0.038,accelAlt:0.100,accelVel:0.045,baroAlt:0.032,deviation:-0.068;

23:15:08.269 > >alt:0.093,vel:0.031,accelAlt:0.096,accelVel:0.038,baroAlt:0.032,deviation:-0.065;

23:15:08.282 > >alt:0.097,vel:0.037,accelAlt:0.093,accelVel:0.031,baroAlt:0.161,deviation:0.068;

23:15:08.286 > >alt:0.100,vel:0.043,accelAlt:0.097,accelVel:0.036,baroAlt:0.161,deviation:0.064;

23:15:08.294 > >alt:0.102,vel:0.045,accelAlt:0.100,accelVel:0.042,baroAlt:0.127,deviation:0.027;

23:15:08.295 > >alt:0.103,vel:0.046,accelAlt:0.102,accelVel:0.044,baroAlt:0.127,deviation:0.025;

23:15:08.303 > >alt:0.105,vel:0.048,accelAlt:0.103,accelVel:0.045,baroAlt:0.127,deviation:0.023;

23:15:08.308 > >alt:0.107,vel:0.051,accelAlt:0.105,accelVel:0.047,baroAlt:0.148,deviation:0.043;

23:15:08.315 > >alt:0.109,vel:0.054,accelAlt:0.107,accelVel:0.050,baroAlt:0.148,deviation:0.041;

23:15:08.319 > >alt:0.102,vel:0.039,accelAlt:0.110,accelVel:0.053,baroAlt:-0.037,deviation:-0.147;

23:15:08.326 > >alt:0.096,vel:0.024,accelAlt:0.102,accelVel:0.038,baroAlt:-0.037,deviation:-0.139;

23:15:08.330 > >alt:0.089,vel:0.010,accelAlt:0.096,accelVel:0.023,baroAlt:-0.037,deviation:-0.133;

23:15:08.338 > >alt:0.083,vel:-0.004,accelAlt:0.089,accelVel:0.009,baroAlt:-0.037,deviation:-0.126;

23:15:08.340 > >alt:0.077,vel:-0.017,accelAlt:0.083,accelVel:-0.005,baroAlt:-0.037,deviation:-0.120;

23:15:08.340 > >alt:0.061,vel:-0.048,accelAlt:0.077,accelVel:-0.018,baroAlt:-0.227,deviation:-0.304;

23:15:08.355 > >alt:0.047,vel:-0.078,accelAlt:0.061,accelVel:-0.050,baroAlt:-0.227,deviation:-0.288;

23:15:08.358 > >alt:0.046,vel:-0.079,accelAlt:0.046,accelVel:-0.079,baroAlt:0.048,deviation:0.001;

23:15:08.366 > >alt:0.046,vel:-0.080,accelAlt:0.046,accelVel:-0.080,baroAlt:0.048,deviation:0.002;

23:15:08.369 > >alt:0.036,vel:-0.099,accelAlt:0.046,accelVel:-0.080,baroAlt:-0.143,deviation:-0.188;

23:15:08.378 > >alt:0.027,vel:-0.118,accelAlt:0.035,accelVel:-0.100,baroAlt:-0.143,deviation:-0.178;

23:15:08.381 > >alt:0.018,vel:-0.136,accelAlt:0.026,accelVel:-0.119,baroAlt:-0.143,deviation:-0.169;

23:15:08.389 > >alt:0.016,vel:-0.138,accelAlt:0.017,accelVel:-0.137,baroAlt:0.005,deviation:-0.012;

23:15:08.391 > >alt:0.015,vel:-0.140,accelAlt:0.015,accelVel:-0.139,baroAlt:0.005,deviation:-0.010;

23:15:08.400 > >alt:0.011,vel:-0.148,accelAlt:0.014,accelVel:-0.141,baroAlt:-0.058,deviation:-0.072;

23:15:08.406 > >alt:0.006,vel:-0.156,accelAlt:0.010,accelVel:-0.149,baroAlt:-0.058,deviation:-0.068;

23:15:08.409 > >alt:0.002,vel:-0.163,accelAlt:0.005,accelVel:-0.156,baroAlt:-0.058,deviation:-0.063;

23:15:08.416 > >alt:0.000,vel:-0.166,accelAlt:0.001,accelVel:-0.163,baroAlt:-0.021,deviation:-0.022;

23:15:08.420 > >alt:-0.002,vel:-0.169,accelAlt:-0.001,accelVel:-0.167,baroAlt:-0.021,deviation:-0.020;

23:15:08.429 > >alt:0.003,vel:-0.159,accelAlt:-0.003,accelVel:-0.170,baroAlt:0.106,deviation:0.108;

23:15:08.433 > >alt:0.007,vel:-0.149,accelAlt:0.002,accelVel:-0.160,baroAlt:0.106,deviation:0.104;

23:15:08.440 > >alt:0.023,vel:-0.116,accelAlt:0.006,accelVel:-0.151,baroAlt:0.354,deviation:0.348;

23:15:08.442 > >alt:0.039,vel:-0.084,accelAlt:0.023,accelVel:-0.117,baroAlt:0.354,deviation:0.331;

23:15:08.450 > >alt:0.055,vel:-0.053,accelAlt:0.039,accelVel:-0.085,baroAlt:0.354,deviation:0.315;

23:15:08.453 > >alt:0.058,vel:-0.047,accelAlt:0.054,accelVel:-0.054,baroAlt:0.132,deviation:0.078;

23:15:08.462 > >alt:0.062,vel:-0.040,accelAlt:0.058,accelVel:-0.047,baroAlt:0.132,deviation:0.074;

23:15:08.468 > >alt:0.075,vel:-0.013,accelAlt:0.061,accelVel:-0.041,baroAlt:0.343,deviation:0.282;

23:15:08.473 > >alt:0.089,vel:0.013,accelAlt:0.075,accelVel:-0.014,baroAlt:0.343,deviation:0.268;

23:15:08.478 > >alt:0.102,vel:0.038,accelAlt:0.089,accelVel:0.012,baroAlt:0.343,deviation:0.255;

23:15:08.484 > >alt:0.099,vel:0.032,accelAlt:0.102,accelVel:0.037,baroAlt:0.050,deviation:-0.052;

23:15:08.489 > >alt:0.097,vel:0.026,accelAlt:0.099,accelVel:0.031,baroAlt:0.050,deviation:-0.049;

23:15:08.492 > >alt:0.097,vel:0.026,accelAlt:0.097,accelVel:0.025,baroAlt:0.106,deviation:0.009;

23:15:08.501 > >alt:0.098,vel:0.026,accelAlt:0.098,accelVel:0.025,baroAlt:0.106,deviation:0.008;

23:15:08.504 > >alt:0.100,vel:0.029,accelAlt:0.098,accelVel:0.025,baroAlt:0.140,deviation:0.042;

23:15:08.513 > >alt:0.102,vel:0.032,accelAlt:0.100,accelVel:0.028,baroAlt:0.140,deviation:0.040;

23:15:08.517 > >alt:0.104,vel:0.035,accelAlt:0.103,accelVel:0.031,baroAlt:0.140,deviation:0.037;

23:15:08.524 > >alt:0.101,vel:0.026,accelAlt:0.105,accelVel:0.034,baroAlt:0.024,deviation:-0.081;

23:15:08.525 > >alt:0.097,vel:0.017,accelAlt:0.101,accelVel:0.025,baroAlt:0.024,deviation:-0.077;

23:15:08.535 > >alt:0.096,vel:0.014,accelAlt:0.097,accelVel:0.016,baroAlt:0.077,deviation:-0.020;

23:15:08.541 > >alt:0.095,vel:0.011,accelAlt:0.096,accelVel:0.013,baroAlt:0.077,deviation:-0.019;

23:15:08.547 > >alt:0.095,vel:0.011,accelAlt:0.095,accelVel:0.010,baroAlt:0.098,deviation:0.003;

23:15:08.551 > >alt:0.095,vel:0.010,accelAlt:0.095,accelVel:0.009,baroAlt:0.098,deviation:0.002;

23:15:08.551 > >alt:0.096,vel:0.009,accelAlt:0.095,accelVel:0.009,baroAlt:0.098,deviation:0.002;

23:15:08.564 > >alt:0.103,vel:0.023,accelAlt:0.096,accelVel:0.008,baroAlt:0.240,deviation:0.145;

23:15:08.568 > >alt:0.110,vel:0.035,accelAlt:0.103,accelVel:0.022,baroAlt:0.240,deviation:0.137;

23:15:08.569 > >alt:0.116,vel:0.047,accelAlt:0.110,accelVel:0.035,baroAlt:0.230,deviation:0.120;

23:15:08.580 > >alt:0.122,vel:0.057,accelAlt:0.116,accelVel:0.046,baroAlt:0.230,deviation:0.114;

23:15:08.585 > >alt:0.128,vel:0.067,accelAlt:0.122,accelVel:0.056,baroAlt:0.230,deviation:0.108;

23:15:08.592 > >alt:0.120,vel:0.050,accelAlt:0.128,accelVel:0.066,baroAlt:-0.037,deviation:-0.165;

23:15:08.593 > >alt:0.112,vel:0.033,accelAlt:0.120,accelVel:0.049,baroAlt:-0.037,deviation:-0.157;

23:15:08.603 > >alt:0.108,vel:0.023,accelAlt:0.112,accelVel:0.032,baroAlt:0.016,deviation:-0.097;

23:15:08.605 > >alt:0.103,vel:0.013,accelAlt:0.108,accelVel:0.022,baroAlt:0.016,deviation:-0.092;

23:15:08.615 > >alt:0.110,vel:0.026,accelAlt:0.103,accelVel:0.012,baroAlt:0.246,deviation:0.143;

23:15:08.619 > >alt:0.117,vel:0.039,accelAlt:0.110,accelVel:0.025,baroAlt:0.246,deviation:0.135;

23:15:08.625 > >alt:0.124,vel:0.051,accelAlt:0.117,accelVel:0.038,baroAlt:0.246,deviation:0.128;

23:15:08.630 > >alt:0.123,vel:0.047,accelAlt:0.124,accelVel:0.050,baroAlt:0.092,deviation:-0.032;

23:15:08.636 > >alt:0.121,vel:0.043,accelAlt:0.123,accelVel:0.046,baroAlt:0.092,deviation:-0.030;

23:15:08.640 > >alt:0.109,vel:0.017,accelAlt:0.121,accelVel:0.042,baroAlt:-0.132,deviation:-0.254;

23:15:08.648 > >alt:0.097,vel:-0.009,accelAlt:0.109,accelVel:0.015,baroAlt:-0.132,deviation:-0.241;

23:15:08.652 > >alt:0.103,vel:0.002,accelAlt:0.097,accelVel:-0.010,baroAlt:0.211,deviation:0.115;

23:15:08.659 > >alt:0.108,vel:0.012,accelAlt:0.103,accelVel:0.001,baroAlt:0.211,deviation:0.109;

23:15:08.662 > >alt:0.113,vel:0.021,accelAlt:0.108,accelVel:0.011,baroAlt:0.211,deviation:0.103;

23:15:08.671 > >alt:0.097,vel:-0.012,accelAlt:0.113,accelVel:0.020,baroAlt:-0.211,deviation:-0.325;

23:15:08.671 > >alt:0.082,vel:-0.044,accelAlt:0.097,accelVel:-0.013,baroAlt:-0.211,deviation:-0.308;

23:15:08.681 > >alt:0.082,vel:-0.044,accelAlt:0.081,accelVel:-0.045,baroAlt:0.092,deviation:0.011;

23:15:08.686 > >alt:0.082,vel:-0.044,accelAlt:0.082,accelVel:-0.045,baroAlt:0.092,deviation:0.011;

23:15:08.692 > >alt:0.082,vel:-0.044,accelAlt:0.082,accelVel:-0.045,baroAlt:0.092,deviation:0.011;

23:15:08.694 > >alt:0.086,vel:-0.037,accelAlt:0.082,accelVel:-0.045,baroAlt:0.159,deviation:0.076;

23:15:08.703 > >alt:0.089,vel:-0.031,accelAlt:0.086,accelVel:-0.038,baroAlt:0.159,deviation:0.073;

23:15:08.708 > >alt:0.092,vel:-0.026,accelAlt:0.089,accelVel:-0.032,baroAlt:0.148,deviation:0.059;

23:15:08.715 > >alt:0.095,vel:-0.021,accelAlt:0.092,accelVel:-0.027,baroAlt:0.148,deviation:0.056;

23:15:08.721 > >alt:0.075,vel:-0.061,accelAlt:0.095,accelVel:-0.022,baroAlt:-0.291,deviation:-0.385;

23:15:08.726 > >alt:0.057,vel:-0.098,accelAlt:0.075,accelVel:-0.062,baroAlt:-0.291,deviation:-0.366;

23:15:08.732 > >alt:0.039,vel:-0.134,accelAlt:0.056,accelVel:-0.099,baroAlt:-0.291,deviation:-0.347;

23:15:08.736 > >alt:0.040,vel:-0.131,accelAlt:0.038,accelVel:-0.135,baroAlt:0.077,deviation:0.038;

23:15:08.743 > >alt:0.041,vel:-0.128,accelAlt:0.039,accelVel:-0.132,baroAlt:0.077,deviation:0.037;

23:15:08.745 > >alt:0.034,vel:-0.142,accelAlt:0.040,accelVel:-0.129,baroAlt:-0.090,deviation:-0.130;

23:15:08.754 > >alt:0.027,vel:-0.155,accelAlt:0.033,accelVel:-0.143,baroAlt:-0.090,deviation:-0.123;

23:15:08.759 > >alt:0.027,vel:-0.155,accelAlt:0.026,accelVel:-0.156,baroAlt:0.040,deviation:0.014;

23:15:08.766 > >alt:0.026,vel:-0.154,accelAlt:0.026,accelVel:-0.156,baroAlt:0.040,deviation:0.014;

23:15:08.769 > >alt:0.026,vel:-0.154,accelAlt:0.026,accelVel:-0.155,baroAlt:0.040,deviation:0.014;

23:15:08.777 > >alt:0.053,vel:-0.101,accelAlt:0.026,accelVel:-0.154,baroAlt:0.565,deviation:0.540;

23:15:08.780 > >alt:0.078,vel:-0.050,accelAlt:0.052,accelVel:-0.102,baroAlt:0.565,deviation:0.514;

23:15:08.789 > >alt:0.087,vel:-0.032,accelAlt:0.077,accelVel:-0.051,baroAlt:0.264,deviation:0.187;

23:15:08.794 > >alt:0.095,vel:-0.015,accelAlt:0.086,accelVel:-0.033,baroAlt:0.264,deviation:0.178;

23:15:08.797 > >alt:0.104,vel:0.001,accelAlt:0.095,accelVel:-0.016,baroAlt:0.264,deviation:0.169;

23:15:08.806 > >alt:0.089,vel:-0.030,accelAlt:0.104,accelVel:-0.000,baroAlt:-0.190,deviation:-0.294;

23:15:08.810 > >alt:0.075,vel:-0.059,accelAlt:0.089,accelVel:-0.031,baroAlt:-0.190,deviation:-0.279;

23:15:08.817 > >alt:0.082,vel:-0.045,accelAlt:0.075,accelVel:-0.059,baroAlt:0.222,deviation:0.147;

23:15:08.822 > >alt:0.089,vel:-0.032,accelAlt:0.082,accelVel:-0.046,baroAlt:0.222,deviation:0.140;

23:15:08.829 > >alt:0.091,vel:-0.027,accelAlt:0.088,accelVel:-0.033,baroAlt:0.143,deviation:0.054;

23:15:08.833 > >alt:0.094,vel:-0.023,accelAlt:0.091,accelVel:-0.028,baroAlt:0.143,deviation:0.052;

23:15:08.838 > >alt:0.096,vel:-0.019,accelAlt:0.093,accelVel:-0.024,baroAlt:0.143,deviation:0.049;

23:15:08.845 > >alt:0.096,vel:-0.020,accelAlt:0.096,accelVel:-0.020,baroAlt:0.092,deviation:-0.003;

23:15:08.850 > >alt:0.095,vel:-0.022,accelAlt:0.095,accelVel:-0.021,baroAlt:0.092,deviation:-0.003;

23:15:08.856 > >alt:0.093,vel:-0.028,accelAlt:0.095,accelVel:-0.023,baroAlt:0.042,deviation:-0.053;

23:15:08.857 > >alt:0.090,vel:-0.034,accelAlt:0.092,accelVel:-0.029,baroAlt:0.042,deviation:-0.050;

23:15:08.868 > >alt:0.077,vel:-0.060,accelAlt:0.090,accelVel:-0.035,baroAlt:-0.164,deviation:-0.254;

23:15:08.869 > >alt:0.065,vel:-0.085,accelAlt:0.077,accelVel:-0.061,baroAlt:-0.164,deviation:-0.240;

23:15:08.879 > >alt:0.053,vel:-0.109,accelAlt:0.064,accelVel:-0.086,baroAlt:-0.164,deviation:-0.228;

23:15:08.884 > >alt:0.042,vel:-0.130,accelAlt:0.052,accelVel:-0.110,baroAlt:-0.148,deviation:-0.200;

23:15:08.889 > >alt:0.032,vel:-0.150,accelAlt:0.041,accelVel:-0.131,baroAlt:-0.148,deviation:-0.189;

23:15:08.896 > >alt:0.037,vel:-0.139,accelAlt:0.031,accelVel:-0.151,baroAlt:0.143,deviation:0.112;

23:15:08.901 > >alt:0.041,vel:-0.130,accelAlt:0.036,accelVel:-0.140,baroAlt:0.143,deviation:0.107;

23:15:08.904 > >alt:0.046,vel:-0.120,accelAlt:0.040,accelVel:-0.130,baroAlt:0.143,deviation:0.102;

23:15:08.912 > >alt:0.041,vel:-0.129,accelAlt:0.045,accelVel:-0.121,baroAlt:-0.032,deviation:-0.077;

23:15:08.918 > >alt:0.037,vel:-0.137,accelAlt:0.040,accelVel:-0.130,baroAlt:-0.032,deviation:-0.072;

23:15:08.924 > >alt:0.046,vel:-0.118,accelAlt:0.036,accelVel:-0.138,baroAlt:0.235,deviation:0.199;

23:15:08.929 > >alt:0.055,vel:-0.100,accelAlt:0.045,accelVel:-0.119,baroAlt:0.235,deviation:0.190;

23:15:08.935 > >alt:0.046,vel:-0.116,accelAlt:0.054,accelVel:-0.101,baroAlt:-0.100,deviation:-0.155;

23:15:08.940 > >alt:0.038,vel:-0.132,accelAlt:0.046,accelVel:-0.117,baroAlt:-0.100,deviation:-0.146;

23:15:08.945 > >alt:0.031,vel:-0.146,accelAlt:0.038,accelVel:-0.132,baroAlt:-0.100,deviation:-0.138;

23:15:08.952 > >alt:0.038,vel:-0.130,accelAlt:0.030,accelVel:-0.147,baroAlt:0.198,deviation:0.168;

23:15:08.957 > >alt:0.046,vel:-0.115,accelAlt:0.038,accelVel:-0.131,baroAlt:0.198,deviation:0.161;

23:15:08.959 > >alt:0.050,vel:-0.105,accelAlt:0.045,accelVel:-0.116,baroAlt:0.153,deviation:0.108;

23:15:08.969 > >alt:0.055,vel:-0.096,accelAlt:0.050,accelVel:-0.106,baroAlt:0.153,deviation:0.104;

23:15:08.971 > >alt:0.059,vel:-0.087,accelAlt:0.054,accelVel:-0.097,baroAlt:0.153,deviation:0.099;

23:15:08.980 > >alt:0.046,vel:-0.113,accelAlt:0.059,accelVel:-0.088,baroAlt:-0.196,deviation:-0.254;

23:15:08.984 > >alt:0.033,vel:-0.138,accelAlt:0.045,accelVel:-0.114,baroAlt:-0.196,deviation:-0.241;

23:15:08.992 > >alt:0.049,vel:-0.107,accelAlt:0.033,accelVel:-0.139,baroAlt:0.357,deviation:0.324;

23:15:08.997 > >alt:0.064,vel:-0.077,accelAlt:0.048,accelVel:-0.108,baroAlt:0.357,deviation:0.309;

23:15:09.002 > >alt:0.067,vel:-0.070,accelAlt:0.063,accelVel:-0.078,baroAlt:0.145,deviation:0.082;

23:15:09.008 > >alt:0.071,vel:-0.063,accelAlt:0.067,accelVel:-0.071,baroAlt:0.145,deviation:0.078;

23:15:09.012 > >alt:0.074,vel:-0.056,accelAlt:0.070,accelVel:-0.064,baroAlt:0.145,deviation:0.075;

23:15:09.018 > >alt:0.084,vel:-0.037,accelAlt:0.074,accelVel:-0.057,baroAlt:0.272,deviation:0.198;

23:15:09.024 > >alt:0.093,vel:-0.019,accelAlt:0.084,accelVel:-0.038,baroAlt:0.272,deviation:0.189;

23:15:09.030 > >alt:0.114,vel:0.022,accelAlt:0.093,accelVel:-0.020,baroAlt:0.510,deviation:0.417;

23:15:09.036 > >alt:0.134,vel:0.060,accelAlt:0.114,accelVel:0.021,baroAlt:0.510,deviation:0.396;

23:15:09.041 > >alt:0.130,vel:0.051,accelAlt:0.134,accelVel:0.059,baroAlt:0.048,deviation:-0.086;

23:15:09.048 > >alt:0.126,vel:0.041,accelAlt:0.130,accelVel:0.050,baroAlt:0.048,deviation:-0.082;

23:15:09.052 > >alt:0.122,vel:0.033,accelAlt:0.126,accelVel:0.040,baroAlt:0.048,deviation:-0.078;

23:15:09.058 > >alt:0.126,vel:0.040,accelAlt:0.122,accelVel:0.032,baroAlt:0.203,deviation:0.081;

23:15:09.059 > >alt:0.130,vel:0.046,accelAlt:0.127,accelVel:0.039,baroAlt:0.203,deviation:0.077;

23:15:09.070 > >alt:0.116,vel:0.017,accelAlt:0.131,accelVel:0.045,baroAlt:-0.153,deviation:-0.284;

23:15:09.075 > >alt:0.103,vel:-0.011,accelAlt:0.117,accelVel:0.016,baroAlt:-0.153,deviation:-0.270;

23:15:09.080 > >alt:0.090,vel:-0.038,accelAlt:0.103,accelVel:-0.012,baroAlt:-0.153,deviation:-0.256;

23:15:09.087 > >alt:0.085,vel:-0.049,accelAlt:0.090,accelVel:-0.038,baroAlt:-0.016,deviation:-0.106;

23:15:09.088 > >alt:0.079,vel:-0.060,accelAlt:0.084,accelVel:-0.050,baroAlt:-0.016,deviation:-0.100;

23:15:09.099 > >alt:0.069,vel:-0.081,accelAlt:0.079,accelVel:-0.061,baroAlt:-0.116,deviation:-0.195;

23:15:09.103 > >alt:0.059,vel:-0.100,accelAlt:0.069,accelVel:-0.082,baroAlt:-0.116,deviation:-0.185;

23:15:09.103 > >alt:0.064,vel:-0.090,accelAlt:0.059,accelVel:-0.101,baroAlt:0.166,deviation:0.107;

23:15:09.115 > >alt:0.069,vel:-0.081,accelAlt:0.064,accelVel:-0.091,baroAlt:0.166,deviation:0.103;

23:15:09.120 > >alt:0.073,vel:-0.072,accelAlt:0.068,accelVel:-0.082,baroAlt:0.166,deviation:0.098;

23:15:09.127 > >alt:0.070,vel:-0.079,accelAlt:0.073,accelVel:-0.073,baroAlt:0.011,deviation:-0.062;

23:15:09.130 > >alt:0.066,vel:-0.086,accelAlt:0.069,accelVel:-0.080,baroAlt:0.011,deviation:-0.059;

23:15:09.138 > >alt:0.050,vel:-0.118,accelAlt:0.066,accelVel:-0.087,baroAlt:-0.248,deviation:-0.314;

23:15:09.142 > >alt:0.035,vel:-0.149,accelAlt:0.049,accelVel:-0.119,baroAlt:-0.248,deviation:-0.298;

23:15:09.150 > >alt:0.021,vel:-0.175,accelAlt:0.034,accelVel:-0.150,baroAlt:-0.217,deviation:-0.250;

23:15:09.153 > >alt:0.008,vel:-0.199,accelAlt:0.020,accelVel:-0.176,baroAlt:-0.217,deviation:-0.237;

23:15:09.153 > >alt:-0.004,vel:-0.223,accelAlt:0.007,accelVel:-0.200,baroAlt:-0.217,deviation:-0.224;

23:15:09.166 > >alt:-0.006,vel:-0.224,accelAlt:-0.005,accelVel:-0.223,baroAlt:-0.016,deviation:-0.011;

23:15:09.170 > >alt:-0.007,vel:-0.226,accelAlt:-0.007,accelVel:-0.225,baroAlt:-0.016,deviation:-0.009;

23:15:09.170 > >alt:-0.006,vel:-0.222,accelAlt:-0.009,accelVel:-0.227,baroAlt:0.045,deviation:0.054;

23:15:09.183 > >alt:-0.005,vel:-0.217,accelAlt:-0.007,accelVel:-0.223,baroAlt:0.045,deviation:0.052;

23:15:09.187 > >alt:-0.003,vel:-0.213,accelAlt:-0.006,accelVel:-0.218,baroAlt:0.045,deviation:0.051;

23:15:09.187 > >alt:-0.005,vel:-0.216,accelAlt:-0.004,accelVel:-0.214,baroAlt:-0.021,deviation:-0.017;

23:15:09.199 > >alt:-0.007,vel:-0.218,accelAlt:-0.007,accelVel:-0.216,baroAlt:-0.021,deviation:-0.014;

23:15:09.203 > >alt:-0.002,vel:-0.205,accelAlt:-0.009,accelVel:-0.219,baroAlt:0.129,deviation:0.138;

23:15:09.211 > >alt:0.004,vel:-0.193,accelAlt:-0.003,accelVel:-0.206,baroAlt:0.129,deviation:0.132;

23:15:09.217 > >alt:-0.000,vel:-0.200,accelAlt:0.003,accelVel:-0.194,baroAlt:-0.058,deviation:-0.061;

23:15:09.222 > >alt:-0.005,vel:-0.207,accelAlt:-0.002,accelVel:-0.201,baroAlt:-0.058,deviation:-0.056;

23:15:09.225 > >alt:-0.008,vel:-0.213,accelAlt:-0.006,accelVel:-0.207,baroAlt:-0.058,deviation:-0.053;

23:15:09.234 > >alt:-0.008,vel:-0.210,accelAlt:-0.009,accelVel:-0.214,baroAlt:0.024,deviation:0.033;

23:15:09.238 > >alt:-0.007,vel:-0.208,accelAlt:-0.009,accelVel:-0.211,baroAlt:0.024,deviation:0.033;

23:15:09.239 > >alt:-0.010,vel:-0.212,accelAlt:-0.008,accelVel:-0.209,baroAlt:-0.042,deviation:-0.034;

23:15:09.250 > >alt:-0.013,vel:-0.216,accelAlt:-0.012,accelVel:-0.213,baroAlt:-0.042,deviation:-0.031;

23:15:09.253 > >alt:0.000,vel:-0.189,accelAlt:-0.014,accelVel:-0.217,baroAlt:0.270,deviation:0.284;

23:15:09.262 > >alt:0.012,vel:-0.163,accelAlt:-0.001,accelVel:-0.190,baroAlt:0.270,deviation:0.271;

23:15:09.267 > >alt:0.024,vel:-0.138,accelAlt:0.011,accelVel:-0.164,baroAlt:0.270,deviation:0.258;

23:15:09.268 > >alt:0.041,vel:-0.105,accelAlt:0.024,accelVel:-0.139,baroAlt:0.367,deviation:0.344;

23:15:09.278 > >alt:0.057,vel:-0.073,accelAlt:0.040,accelVel:-0.106,baroAlt:0.367,deviation:0.327;

23:15:09.284 > >alt:0.050,vel:-0.086,accelAlt:0.056,accelVel:-0.074,baroAlt:-0.063,deviation:-0.120;

23:15:09.290 > >alt:0.044,vel:-0.098,accelAlt:0.050,accelVel:-0.087,baroAlt:-0.063,deviation:-0.113;

23:15:09.295 > >alt:0.038,vel:-0.109,accelAlt:0.043,accelVel:-0.099,baroAlt:-0.063,deviation:-0.107;

23:15:09.301 > >alt:0.040,vel:-0.106,accelAlt:0.038,accelVel:-0.110,baroAlt:0.079,deviation:0.042;

23:15:09.306 > >alt:0.041,vel:-0.103,accelAlt:0.039,accelVel:-0.107,baroAlt:0.079,deviation:0.040;

23:15:09.312 > >alt:0.042,vel:-0.101,accelAlt:0.040,accelVel:-0.104,baroAlt:0.071,deviation:0.031;

23:15:09.318 > >alt:0.043,vel:-0.099,accelAlt:0.041,accelVel:-0.102,baroAlt:0.071,deviation:0.030;

23:15:09.324 > >alt:0.030,vel:-0.124,accelAlt:0.042,accelVel:-0.100,baroAlt:-0.201,deviation:-0.243;

23:15:09.328 > >alt:0.018,vel:-0.148,accelAlt:0.029,accelVel:-0.125,baroAlt:-0.201,deviation:-0.230;

23:15:09.333 > >alt:0.006,vel:-0.171,accelAlt:0.017,accelVel:-0.149,baroAlt:-0.201,deviation:-0.218;

23:15:09.341 > >alt:0.011,vel:-0.160,accelAlt:0.005,accelVel:-0.172,baroAlt:0.122,deviation:0.116;

23:15:09.343 > >alt:0.016,vel:-0.150,accelAlt:0.010,accelVel:-0.161,baroAlt:0.122,deviation:0.112;

23:15:09.352 > >alt:0.017,vel:-0.145,accelAlt:0.015,accelVel:-0.151,baroAlt:0.066,deviation:0.051;

23:15:09.353 > >alt:0.019,vel:-0.141,accelAlt:0.016,accelVel:-0.146,baroAlt:0.066,deviation:0.050;

23:15:09.364 > >alt:0.016,vel:-0.147,accelAlt:0.018,accelVel:-0.142,baroAlt:-0.032,deviation:-0.050;

23:15:09.369 > >alt:0.012,vel:-0.153,accelAlt:0.015,accelVel:-0.148,baroAlt:-0.032,deviation:-0.046;

23:15:09.369 > >alt:0.009,vel:-0.158,accelAlt:0.012,accelVel:-0.154,baroAlt:-0.032,deviation:-0.043;

23:15:09.380 > >alt:0.026,vel:-0.124,accelAlt:0.009,accelVel:-0.159,baroAlt:0.357,deviation:0.348;

23:15:09.385 > >alt:0.042,vel:-0.092,accelAlt:0.025,accelVel:-0.125,baroAlt:0.357,deviation:0.331;

23:15:09.392 > >alt:0.024,vel:-0.128,accelAlt:0.041,accelVel:-0.093,baroAlt:-0.307,deviation:-0.348;

23:15:09.393 > >alt:0.007,vel:-0.162,accelAlt:0.023,accelVel:-0.129,baroAlt:-0.307,deviation:-0.330;

23:15:09.401 > >alt:-0.010,vel:-0.194,accelAlt:0.006,accelVel:-0.162,baroAlt:-0.307,deviation:-0.312;

23:15:09.404 > >alt:-0.012,vel:-0.196,accelAlt:-0.011,accelVel:-0.194,baroAlt:-0.026,deviation:-0.016;

23:15:09.413 > >alt:-0.014,vel:-0.198,accelAlt:-0.013,accelVel:-0.197,baroAlt:-0.026,deviation:-0.014;

23:15:09.418 > >alt:-0.009,vel:-0.189,accelAlt:-0.015,accelVel:-0.199,baroAlt:0.087,deviation:0.102;

23:15:09.424 > >alt:-0.006,vel:-0.180,accelAlt:-0.011,accelVel:-0.190,baroAlt:0.087,deviation:0.098;

23:15:09.430 > >alt:-0.005,vel:-0.177,accelAlt:-0.007,accelVel:-0.181,baroAlt:0.032,deviation:0.038;

23:15:09.436 > >alt:-0.004,vel:-0.175,accelAlt:-0.006,accelVel:-0.178,baroAlt:0.032,deviation:0.038;

23:15:09.438 > >alt:-0.003,vel:-0.172,accelAlt:-0.005,accelVel:-0.175,baroAlt:0.032,deviation:0.037;

23:15:09.448 > >alt:-0.010,vel:-0.185,accelAlt:-0.004,accelVel:-0.173,baroAlt:-0.132,deviation:-0.128;

23:15:09.452 > >alt:-0.018,vel:-0.198,accelAlt:-0.012,accelVel:-0.186,baroAlt:-0.132,deviation:-0.120;

23:15:09.459 > >alt:-0.004,vel:-0.169,accelAlt:-0.019,accelVel:-0.199,baroAlt:0.280,deviation:0.299;

23:15:09.460 > >alt:0.009,vel:-0.142,accelAlt:-0.005,accelVel:-0.170,baroAlt:0.280,deviation:0.285;

23:15:09.471 > >alt:0.016,vel:-0.128,accelAlt:0.009,accelVel:-0.143,baroAlt:0.151,deviation:0.142;

23:15:09.473 > >alt:0.022,vel:-0.116,accelAlt:0.015,accelVel:-0.130,baroAlt:0.151,deviation:0.136;

23:15:09.481 > >alt:0.028,vel:-0.104,accelAlt:0.021,accelVel:-0.117,baroAlt:0.151,deviation:0.130;

23:15:09.486 > >alt:0.021,vel:-0.116,accelAlt:0.027,accelVel:-0.105,baroAlt:-0.085,deviation:-0.112;

23:15:09.492 > >alt:0.015,vel:-0.127,accelAlt:0.021,accelVel:-0.117,baroAlt:-0.085,deviation:-0.105;

23:15:09.494 > >alt:0.017,vel:-0.123,accelAlt:0.015,accelVel:-0.128,baroAlt:0.069,deviation:0.054;

23:15:09.503 > >alt:0.019,vel:-0.119,accelAlt:0.017,accelVel:-0.124,baroAlt:0.069,deviation:0.052;

23:15:09.508 > >alt:0.021,vel:-0.115,accelAlt:0.019,accelVel:-0.120,baroAlt:0.069,deviation:0.050;

23:15:09.515 > >alt:0.031,vel:-0.095,accelAlt:0.021,accelVel:-0.115,baroAlt:0.227,deviation:0.207;

23:15:09.519 > >alt:0.040,vel:-0.076,accelAlt:0.030,accelVel:-0.096,baroAlt:0.227,deviation:0.197;

23:15:09.527 > >alt:0.036,vel:-0.084,accelAlt:0.040,accelVel:-0.077,baroAlt:-0.032,deviation:-0.071;

23:15:09.529 > >alt:0.032,vel:-0.092,accelAlt:0.036,accelVel:-0.085,baroAlt:-0.032,deviation:-0.067;

23:15:09.538 > >alt:0.042,vel:-0.072,accelAlt:0.032,accelVel:-0.093,baroAlt:0.246,deviation:0.214;

23:15:09.539 > >alt:0.052,vel:-0.052,accelAlt:0.042,accelVel:-0.073,baroAlt:0.246,deviation:0.204;

23:15:09.539 > >alt:0.062,vel:-0.034,accelAlt:0.052,accelVel:-0.053,baroAlt:0.246,deviation:0.194;

23:15:09.554 > >alt:0.065,vel:-0.027,accelAlt:0.061,accelVel:-0.035,baroAlt:0.135,deviation:0.073;

23:15:09.556 > >alt:0.068,vel:-0.021,accelAlt:0.065,accelVel:-0.028,baroAlt:0.135,deviation:0.070;

23:15:09.566 > >alt:0.061,vel:-0.036,accelAlt:0.068,accelVel:-0.022,baroAlt:-0.069,deviation:-0.137;

23:15:09.569 > >alt:0.055,vel:-0.050,accelAlt:0.061,accelVel:-0.037,baroAlt:-0.069,deviation:-0.130;

23:15:09.577 > >alt:0.055,vel:-0.050,accelAlt:0.054,accelVel:-0.051,baroAlt:0.061,deviation:0.006;

23:15:09.580 > >alt:0.055,vel:-0.050,accelAlt:0.054,accelVel:-0.051,baroAlt:0.061,deviation:0.006;

23:15:09.587 > >alt:0.055,vel:-0.051,accelAlt:0.054,accelVel:-0.051,baroAlt:0.061,deviation:0.006;

23:15:09.591 > >alt:0.063,vel:-0.036,accelAlt:0.055,accelVel:-0.052,baroAlt:0.217,deviation:0.162;

23:15:09.599 > >alt:0.070,vel:-0.021,accelAlt:0.062,accelVel:-0.036,baroAlt:0.217,deviation:0.154;

23:15:09.604 > >alt:0.065,vel:-0.030,accelAlt:0.070,accelVel:-0.021,baroAlt:-0.021,deviation:-0.091;

23:15:09.611 > >alt:0.061,vel:-0.040,accelAlt:0.065,accelVel:-0.031,baroAlt:-0.021,deviation:-0.086;

23:15:09.613 > >alt:0.057,vel:-0.049,accelAlt:0.061,accelVel:-0.041,baroAlt:-0.021,deviation:-0.082;

23:15:09.622 > >alt:0.051,vel:-0.061,accelAlt:0.056,accelVel:-0.050,baroAlt:-0.048,deviation:-0.104;

23:15:09.627 > >alt:0.046,vel:-0.071,accelAlt:0.051,accelVel:-0.062,baroAlt:-0.048,deviation:-0.098;

23:15:09.633 > >alt:0.031,vel:-0.102,accelAlt:0.045,accelVel:-0.072,baroAlt:-0.254,deviation:-0.299;

23:15:09.638 > >alt:0.016,vel:-0.131,accelAlt:0.030,accelVel:-0.103,baroAlt:-0.254,deviation:-0.283;

23:15:09.641 > >alt:0.030,vel:-0.102,accelAlt:0.015,accelVel:-0.132,baroAlt:0.314,deviation:0.299;

23:15:09.650 > >alt:0.044,vel:-0.075,accelAlt:0.029,accelVel:-0.103,baroAlt:0.314,deviation:0.285;

23:15:09.653 > >alt:0.057,vel:-0.048,accelAlt:0.043,accelVel:-0.076,baroAlt:0.314,deviation:0.271;

23:15:09.661 > >alt:0.057,vel:-0.048,accelAlt:0.056,accelVel:-0.049,baroAlt:0.074,deviation:0.018;

23:15:09.662 > >alt:0.058,vel:-0.047,accelAlt:0.057,accelVel:-0.049,baroAlt:0.074,deviation:0.017;

23:15:09.673 > >alt:0.060,vel:-0.042,accelAlt:0.058,accelVel:-0.048,baroAlt:0.111,deviation:0.053;

23:15:09.678 > >alt:0.063,vel:-0.038,accelAlt:0.060,accelVel:-0.043,baroAlt:0.111,deviation:0.051;

23:15:09.683 > >alt:0.065,vel:-0.034,accelAlt:0.062,accelVel:-0.039,baroAlt:0.111,deviation:0.049;

23:15:09.689 > >alt:0.040,vel:-0.084,accelAlt:0.065,accelVel:-0.035,baroAlt:-0.423,deviation:-0.487;

23:15:09.693 > >alt:0.017,vel:-0.131,accelAlt:0.040,accelVel:-0.085,baroAlt:-0.423,deviation:-0.462;

23:15:09.701 > >alt:0.012,vel:-0.140,accelAlt:0.016,accelVel:-0.133,baroAlt:-0.053,deviation:-0.069;

23:15:09.703 > >alt:0.008,vel:-0.148,accelAlt:0.012,accelVel:-0.141,baroAlt:-0.053,deviation:-0.064;

23:15:09.712 > >alt:-0.016,vel:-0.196,accelAlt:0.008,accelVel:-0.149,baroAlt:-0.465,deviation:-0.473;

23:15:09.718 > >alt:-0.040,vel:-0.242,accelAlt:-0.017,accelVel:-0.197,baroAlt:-0.465,deviation:-0.448;

23:15:09.723 > >alt:-0.062,vel:-0.285,accelAlt:-0.041,accelVel:-0.242,baroAlt:-0.465,deviation:-0.424;

23:15:09.724 > >alt:-0.075,vel:-0.308,accelAlt:-0.064,accelVel:-0.285,baroAlt:-0.296,deviation:-0.232;

23:15:09.733 > >alt:-0.088,vel:-0.331,accelAlt:-0.077,accelVel:-0.309,baroAlt:-0.296,deviation:-0.219;

23:15:09.740 > >alt:-0.086,vel:-0.324,accelAlt:-0.090,accelVel:-0.332,baroAlt:-0.011,deviation:0.079;

23:15:09.742 > >alt:-0.084,vel:-0.317,accelAlt:-0.088,accelVel:-0.325,baroAlt:-0.011,deviation:0.078;

23:15:09.752 > >alt:-0.105,vel:-0.356,accelAlt:-0.086,accelVel:-0.318,baroAlt:-0.465,deviation:-0.379;

23:15:09.753 > >alt:-0.125,vel:-0.392,accelAlt:-0.107,accelVel:-0.356,baroAlt:-0.465,deviation:-0.358;

23:15:09.762 > >alt:-0.144,vel:-0.426,accelAlt:-0.127,accelVel:-0.392,baroAlt:-0.465,deviation:-0.338;

23:15:09.768 > >alt:-0.150,vel:-0.434,accelAlt:-0.146,accelVel:-0.427,baroAlt:-0.217,deviation:-0.071;

23:15:09.773 > >alt:-0.156,vel:-0.441,accelAlt:-0.152,accelVel:-0.434,baroAlt:-0.217,deviation:-0.064;

23:15:09.780 > >alt:-0.149,vel:-0.424,accelAlt:-0.158,accelVel:-0.441,baroAlt:0.021,deviation:0.179;

23:15:09.785 > >alt:-0.143,vel:-0.407,accelAlt:-0.152,accelVel:-0.424,baroAlt:0.021,deviation:0.173;

23:15:09.791 > >alt:-0.135,vel:-0.387,accelAlt:-0.145,accelVel:-0.408,baroAlt:0.063,deviation:0.209;

23:15:09.792 > >alt:-0.127,vel:-0.368,accelAlt:-0.137,accelVel:-0.388,baroAlt:0.063,deviation:0.201;

23:15:09.801 > >alt:-0.119,vel:-0.350,accelAlt:-0.129,accelVel:-0.369,baroAlt:0.063,deviation:0.193;

23:15:09.806 > >alt:-0.108,vel:-0.326,accelAlt:-0.121,accelVel:-0.351,baroAlt:0.135,deviation:0.256;

23:15:09.813 > >alt:-0.098,vel:-0.303,accelAlt:-0.111,accelVel:-0.327,baroAlt:0.135,deviation:0.245;

23:15:09.818 > >alt:-0.079,vel:-0.262,accelAlt:-0.100,accelVel:-0.303,baroAlt:0.314,deviation:0.414;

23:15:09.825 > >alt:-0.061,vel:-0.223,accelAlt:-0.081,accelVel:-0.262,baroAlt:0.314,deviation:0.395;

23:15:09.830 > >alt:-0.043,vel:-0.186,accelAlt:-0.062,accelVel:-0.224,baroAlt:0.314,deviation:0.377;

23:15:09.836 > >alt:-0.040,vel:-0.177,accelAlt:-0.044,accelVel:-0.187,baroAlt:0.053,deviation:0.097;

23:15:09.841 > >alt:-0.036,vel:-0.169,accelAlt:-0.041,accelVel:-0.179,baroAlt:0.053,deviation:0.094;

23:15:09.847 > >alt:-0.021,vel:-0.139,accelAlt:-0.037,accelVel:-0.170,baroAlt:0.277,deviation:0.314;

23:15:09.852 > >alt:-0.007,vel:-0.109,accelAlt:-0.022,accelVel:-0.139,baroAlt:0.277,deviation:0.300;

23:15:09.852 > >alt:0.003,vel:-0.088,accelAlt:-0.008,accelVel:-0.110,baroAlt:0.211,deviation:0.219;

23:15:09.865 > >alt:0.013,vel:-0.068,accelAlt:0.003,accelVel:-0.089,baroAlt:0.211,deviation:0.209;

23:15:09.869 > >alt:0.023,vel:-0.049,accelAlt:0.013,accelVel:-0.069,baroAlt:0.211,deviation:0.199;

23:15:09.876 > >alt:0.026,vel:-0.043,accelAlt:0.022,accelVel:-0.050,baroAlt:0.090,deviation:0.067;

23:15:09.880 > >alt:0.029,vel:-0.038,accelAlt:0.026,accelVel:-0.044,baroAlt:0.090,deviation:0.064;

23:15:09.887 > >alt:0.027,vel:-0.042,accelAlt:0.029,accelVel:-0.039,baroAlt:0.000,deviation:-0.029;

23:15:09.889 > >alt:0.025,vel:-0.045,accelAlt:0.027,accelVel:-0.043,baroAlt:0.000,deviation:-0.027;

23:15:09.899 > >alt:0.006,vel:-0.085,accelAlt:0.025,accelVel:-0.046,baroAlt:-0.359,deviation:-0.385;

23:15:09.904 > >alt:-0.013,vel:-0.122,accelAlt:0.005,accelVel:-0.086,baroAlt:-0.359,deviation:-0.365;

23:15:09.904 > >alt:-0.031,vel:-0.158,accelAlt:-0.013,accelVel:-0.123,baroAlt:-0.359,deviation:-0.346;

23:15:09.916 > >alt:-0.034,vel:-0.164,accelAlt:-0.032,accelVel:-0.158,baroAlt:-0.090,deviation:-0.058;

23:15:09.920 > >alt:-0.038,vel:-0.171,accelAlt:-0.036,accelVel:-0.165,baroAlt:-0.090,deviation:-0.054;

23:15:09.920 > >alt:-0.050,vel:-0.194,accelAlt:-0.039,accelVel:-0.172,baroAlt:-0.264,deviation:-0.225;

23:15:09.932 > >alt:-0.062,vel:-0.216,accelAlt:-0.052,accelVel:-0.195,baroAlt:-0.264,deviation:-0.213;

23:15:09.936 > >alt:-0.073,vel:-0.237,accelAlt:-0.063,accelVel:-0.217,baroAlt:-0.264,deviation:-0.201;

23:15:09.936 > >alt:-0.068,vel:-0.224,accelAlt:-0.075,accelVel:-0.238,baroAlt:0.063,deviation:0.138;

23:15:09.949 > >alt:-0.063,vel:-0.212,accelAlt:-0.069,accelVel:-0.225,baroAlt:0.063,deviation:0.133;

23:15:09.953 > >alt:-0.060,vel:-0.205,accelAlt:-0.064,accelVel:-0.213,baroAlt:0.016,deviation:0.080;

23:15:09.960 > >alt:-0.057,vel:-0.198,accelAlt:-0.061,accelVel:-0.206,baroAlt:0.016,deviation:0.077;

23:15:09.967 > >alt:-0.062,vel:-0.207,accelAlt:-0.058,accelVel:-0.199,baroAlt:-0.137,deviation:-0.079;

23:15:09.971 > >alt:-0.067,vel:-0.216,accelAlt:-0.064,accelVel:-0.208,baroAlt:-0.137,deviation:-0.074;

23:15:09.974 > >alt:-0.072,vel:-0.223,accelAlt:-0.068,accelVel:-0.216,baroAlt:-0.137,deviation:-0.069;

23:15:09.983 > >alt:-0.074,vel:-0.227,accelAlt:-0.073,accelVel:-0.224,baroAlt:-0.100,deviation:-0.027;

23:15:09.988 > >alt:-0.077,vel:-0.231,accelAlt:-0.076,accelVel:-0.228,baroAlt:-0.100,deviation:-0.025;

23:15:09.988 > >alt:-0.065,vel:-0.206,accelAlt:-0.078,accelVel:-0.231,baroAlt:0.177,deviation:0.255;

23:15:10.000 > >alt:-0.055,vel:-0.183,accelAlt:-0.067,accelVel:-0.207,baroAlt:0.177,deviation:0.244;

23:15:10.003 > >alt:-0.044,vel:-0.160,accelAlt:-0.056,accelVel:-0.183,baroAlt:0.177,deviation:0.233;

23:15:10.003 > >alt:-0.042,vel:-0.155,accelAlt:-0.045,accelVel:-0.161,baroAlt:0.011,deviation:0.055;

23:15:10.016 > >alt:-0.040,vel:-0.151,accelAlt:-0.043,accelVel:-0.157,baroAlt:0.011,deviation:0.054;

23:15:10.019 > >alt:-0.027,vel:-0.124,accelAlt:-0.041,accelVel:-0.152,baroAlt:0.235,deviation:0.276;

23:15:10.028 > >alt:-0.015,vel:-0.099,accelAlt:-0.028,accelVel:-0.126,baroAlt:0.235,deviation:0.263;

23:15:10.034 > >alt:-0.004,vel:-0.078,accelAlt:-0.015,accelVel:-0.100,baroAlt:0.206,deviation:0.222;

23:15:10.039 > >alt:0.006,vel:-0.058,accelAlt:-0.005,accelVel:-0.079,baroAlt:0.206,deviation:0.211;

23:15:10.044 > >alt:0.015,vel:-0.039,accelAlt:0.005,accelVel:-0.059,baroAlt:0.206,deviation:0.201;

23:15:10.050 > >alt:0.028,vel:-0.014,accelAlt:0.015,accelVel:-0.040,baroAlt:0.270,deviation:0.254;

23:15:10.056 > >alt:0.040,vel:0.009,accelAlt:0.028,accelVel:-0.015,baroAlt:0.270,deviation:0.242;

23:15:10.058 > >alt:0.038,vel:0.005,accelAlt:0.040,accelVel:0.008,baroAlt:0.005,deviation:-0.035;

23:15:10.066 > >alt:0.037,vel:0.000,accelAlt:0.038,accelVel:0.004,baroAlt:0.005,deviation:-0.033;

23:15:10.069 > >alt:0.043,vel:0.012,accelAlt:0.037,accelVel:-0.001,baroAlt:0.159,deviation:0.122;

23:15:10.078 > >alt:0.049,vel:0.022,accelAlt:0.043,accelVel:0.011,baroAlt:0.159,deviation:0.116;

23:15:10.083 > >alt:0.054,vel:0.032,accelAlt:0.049,accelVel:0.021,baroAlt:0.159,deviation:0.110;

23:15:10.089 > >alt:0.051,vel:0.025,accelAlt:0.054,accelVel:0.031,baroAlt:-0.011,deviation:-0.065;

23:15:10.095 > >alt:0.048,vel:0.018,accelAlt:0.051,accelVel:0.024,baroAlt:-0.011,deviation:-0.062;

23:15:10.101 > >alt:0.036,vel:-0.008,accelAlt:0.048,accelVel:0.017,baroAlt:-0.196,deviation:-0.244;

23:15:10.107 > >alt:0.024,vel:-0.032,accelAlt:0.036,accelVel:-0.009,baroAlt:-0.196,deviation:-0.231;

23:15:10.111 > >alt:0.013,vel:-0.055,accelAlt:0.024,accelVel:-0.033,baroAlt:-0.196,deviation:-0.220;

23:15:10.118 > >alt:-0.013,vel:-0.107,accelAlt:0.013,accelVel:-0.055,baroAlt:-0.502,deviation:-0.515;

23:15:10.123 > >alt:-0.038,vel:-0.157,accelAlt:-0.014,accelVel:-0.108,baroAlt:-0.502,deviation:-0.489;

23:15:10.127 > >alt:-0.027,vel:-0.134,accelAlt:-0.039,accelVel:-0.158,baroAlt:0.196,deviation:0.234;

23:15:10.134 > >alt:-0.017,vel:-0.113,accelAlt:-0.028,accelVel:-0.135,baroAlt:0.196,deviation:0.223;

23:15:10.137 > >alt:-0.013,vel:-0.105,accelAlt:-0.017,accelVel:-0.114,baroAlt:0.063,deviation:0.081;

23:15:10.146 > >alt:-0.010,vel:-0.099,accelAlt:-0.014,accelVel:-0.107,baroAlt:0.063,deviation:0.077;

23:15:10.151 > >alt:-0.007,vel:-0.092,accelAlt:-0.011,accelVel:-0.100,baroAlt:0.063,deviation:0.074;

23:15:10.158 > >alt:-0.005,vel:-0.088,accelAlt:-0.007,accelVel:-0.093,baroAlt:0.040,deviation:0.047;

23:15:10.159 > >alt:-0.003,vel:-0.085,accelAlt:-0.006,accelVel:-0.090,baroAlt:0.040,deviation:0.045;

23:15:10.169 > >alt:0.004,vel:-0.071,accelAlt:-0.004,accelVel:-0.086,baroAlt:0.148,deviation:0.152;

23:15:10.170 > >alt:0.011,vel:-0.057,accelAlt:0.003,accelVel:-0.072,baroAlt:0.148,deviation:0.145;

23:15:10.181 > >alt:0.003,vel:-0.073,accelAlt:0.010,accelVel:-0.058,baroAlt:-0.132,deviation:-0.142;

23:15:10.185 > >alt:-0.004,vel:-0.087,accelAlt:0.003,accelVel:-0.074,baroAlt:-0.132,deviation:-0.135;

23:15:10.190 > >alt:-0.011,vel:-0.101,accelAlt:-0.005,accelVel:-0.088,baroAlt:-0.132,deviation:-0.128;

23:15:10.192 > >alt:-0.001,vel:-0.081,accelAlt:-0.011,accelVel:-0.101,baroAlt:0.193,deviation:0.204;

23:15:10.201 > >alt:0.008,vel:-0.063,accelAlt:-0.002,accelVel:-0.082,baroAlt:0.193,deviation:0.195;

23:15:10.205 > >alt:0.012,vel:-0.055,accelAlt:0.008,accelVel:-0.064,baroAlt:0.092,deviation:0.085;

23:15:10.213 > >alt:0.016,vel:-0.048,accelAlt:0.012,accelVel:-0.056,baroAlt:0.092,deviation:0.081;

23:15:10.218 > >alt:0.019,vel:-0.041,accelAlt:0.015,accelVel:-0.049,baroAlt:0.092,deviation:0.077;

23:15:10.225 > >alt:0.014,vel:-0.052,accelAlt:0.019,accelVel:-0.042,baroAlt:-0.074,deviation:-0.093;

23:15:10.230 > >alt:0.010,vel:-0.062,accelAlt:0.014,accelVel:-0.053,baroAlt:-0.074,deviation:-0.088;

23:15:10.236 > >alt:0.014,vel:-0.054,accelAlt:0.009,accelVel:-0.062,baroAlt:0.095,deviation:0.086;

23:15:10.241 > >alt:0.017,vel:-0.047,accelAlt:0.013,accelVel:-0.055,baroAlt:0.095,deviation:0.082;

23:15:10.243 > >alt:0.021,vel:-0.041,accelAlt:0.017,accelVel:-0.048,baroAlt:0.087,deviation:0.070;

23:15:10.253 > >alt:0.024,vel:-0.035,accelAlt:0.020,accelVel:-0.042,baroAlt:0.087,deviation:0.067;

23:15:10.258 > >alt:0.027,vel:-0.030,accelAlt:0.023,accelVel:-0.036,baroAlt:0.087,deviation:0.064;

23:15:10.265 > >alt:0.024,vel:-0.036,accelAlt:0.026,accelVel:-0.031,baroAlt:-0.032,deviation:-0.058;

23:15:10.269 > >alt:0.021,vel:-0.043,accelAlt:0.023,accelVel:-0.037,baroAlt:-0.032,deviation:-0.055;

23:15:10.276 > >alt:0.031,vel:-0.022,accelAlt:0.020,accelVel:-0.044,baroAlt:0.238,deviation:0.217;

23:15:10.280 > >alt:0.041,vel:-0.002,accelAlt:0.031,accelVel:-0.023,baroAlt:0.238,deviation:0.207;

23:15:10.288 > >alt:0.048,vel:0.009,accelAlt:0.041,accelVel:-0.003,baroAlt:0.166,deviation:0.125;

23:15:10.291 > >alt:0.054,vel:0.020,accelAlt:0.048,accelVel:0.008,baroAlt:0.166,deviation:0.119;

23:15:10.297 > >alt:0.059,vel:0.031,accelAlt:0.054,accelVel:0.020,baroAlt:0.166,deviation:0.113;

23:15:10.304 > >alt:0.073,vel:0.056,accelAlt:0.059,accelVel:0.030,baroAlt:0.322,deviation:0.263;

23:15:10.309 > >alt:0.085,vel:0.080,accelAlt:0.073,accelVel:0.055,baroAlt:0.322,deviation:0.249;

23:15:10.311 > >alt:0.074,vel:0.057,accelAlt:0.086,accelVel:0.079,baroAlt:-0.143,deviation:-0.229;

23:15:10.321 > >alt:0.064,vel:0.034,accelAlt:0.075,accelVel:0.056,baroAlt:-0.143,deviation:-0.217;

23:15:10.325 > >alt:0.054,vel:0.012,accelAlt:0.064,accelVel:0.033,baroAlt:-0.143,deviation:-0.207;

23:15:10.331 > >alt:0.056,vel:0.015,accelAlt:0.054,accelVel:0.011,baroAlt:0.092,deviation:0.039;

23:15:10.337 > >alt:0.058,vel:0.018,accelAlt:0.056,accelVel:0.014,baroAlt:0.092,deviation:0.037;

23:15:10.337 > >alt:0.067,vel:0.036,accelAlt:0.058,accelVel:0.017,baroAlt:0.243,deviation:0.185;

23:15:10.348 > >alt:0.076,vel:0.052,accelAlt:0.067,accelVel:0.035,baroAlt:0.243,deviation:0.176;

23:15:10.352 > >alt:0.066,vel:0.030,accelAlt:0.076,accelVel:0.052,baroAlt:-0.137,deviation:-0.214;

23:15:10.360 > >alt:0.056,vel:0.009,accelAlt:0.066,accelVel:0.029,baroAlt:-0.137,deviation:-0.203;

23:15:10.363 > >alt:0.046,vel:-0.011,accelAlt:0.056,accelVel:0.008,baroAlt:-0.137,deviation:-0.193;

23:15:10.372 > >alt:0.039,vel:-0.025,accelAlt:0.046,accelVel:-0.012,baroAlt:-0.085,deviation:-0.131;

23:15:10.374 > >alt:0.033,vel:-0.039,accelAlt:0.039,accelVel:-0.026,baroAlt:-0.085,deviation:-0.124;

23:15:10.383 > >alt:0.021,vel:-0.062,accelAlt:0.033,accelVel:-0.039,baroAlt:-0.201,deviation:-0.234;

23:15:10.387 > >alt:0.010,vel:-0.086,accelAlt:0.021,accelVel:-0.063,baroAlt:-0.201,deviation:-0.222;

23:15:10.389 > >alt:0.022,vel:-0.060,accelAlt:0.009,accelVel:-0.086,baroAlt:0.270,deviation:0.260;

23:15:10.399 > >alt:0.034,vel:-0.037,accelAlt:0.022,accelVel:-0.062,baroAlt:0.270,deviation:0.248;

23:15:10.404 > >alt:0.046,vel:-0.014,accelAlt:0.034,accelVel:-0.038,baroAlt:0.270,deviation:0.235;

23:15:10.405 > >alt:0.043,vel:-0.020,accelAlt:0.046,accelVel:-0.015,baroAlt:-0.005,deviation:-0.051;

23:15:10.416 > >alt:0.041,vel:-0.026,accelAlt:0.043,accelVel:-0.021,baroAlt:-0.005,deviation:-0.048;

23:15:10.419 > >alt:0.056,vel:0.004,accelAlt:0.040,accelVel:-0.027,baroAlt:0.346,deviation:0.306;

23:15:10.427 > >alt:0.070,vel:0.032,accelAlt:0.056,accelVel:0.003,baroAlt:0.346,deviation:0.290;

23:15:10.431 > >alt:0.084,vel:0.059,accelAlt:0.070,accelVel:0.032,baroAlt:0.346,deviation:0.276;

23:15:10.439 > >alt:0.062,vel:0.013,accelAlt:0.085,accelVel:0.058,baroAlt:-0.370,deviation:-0.454;

23:15:10.440 > >alt:0.040,vel:-0.032,accelAlt:0.062,accelVel:0.012,baroAlt:-0.370,deviation:-0.432;

23:15:10.450 > >alt:0.034,vel:-0.044,accelAlt:0.040,accelVel:-0.032,baroAlt:-0.079,deviation:-0.119;

23:15:10.455 > >alt:0.028,vel:-0.057,accelAlt:0.034,accelVel:-0.046,baroAlt:-0.079,deviation:-0.113;

23:15:10.459 > >alt:0.033,vel:-0.048,accelAlt:0.028,accelVel:-0.058,baroAlt:0.122,deviation:0.094;

23:15:10.467 > >alt:0.037,vel:-0.041,accelAlt:0.032,accelVel:-0.050,baroAlt:0.122,deviation:0.089;

23:15:10.468 > >alt:0.041,vel:-0.033,accelAlt:0.037,accelVel:-0.042,baroAlt:0.122,deviation:0.085;

23:15:10.478 > >alt:0.041,vel:-0.032,accelAlt:0.041,accelVel:-0.034,baroAlt:0.055,deviation:0.015;

23:15:10.484 > >alt:0.042,vel:-0.031,accelAlt:0.041,accelVel:-0.033,baroAlt:0.055,deviation:0.014;

23:15:10.490 > >alt:0.038,vel:-0.040,accelAlt:0.042,accelVel:-0.033,baroAlt:-0.037,deviation:-0.079;

23:15:10.492 > >alt:0.034,vel:-0.049,accelAlt:0.037,accelVel:-0.042,baroAlt:-0.037,deviation:-0.074;

23:15:10.501 > >alt:0.032,vel:-0.053,accelAlt:0.033,accelVel:-0.050,baroAlt:0.000,deviation:-0.033;

23:15:10.506 > >alt:0.030,vel:-0.058,accelAlt:0.031,accelVel:-0.054,baroAlt:0.000,deviation:-0.031;

23:15:10.507 > >alt:0.028,vel:-0.061,accelAlt:0.030,accelVel:-0.058,baroAlt:0.000,deviation:-0.030;

23:15:10.518 > >alt:0.036,vel:-0.045,accelAlt:0.028,accelVel:-0.062,baroAlt:0.198,deviation:0.170;

23:15:10.523 > >alt:0.044,vel:-0.030,accelAlt:0.036,accelVel:-0.046,baroAlt:0.198,deviation:0.162;

23:15:10.526 > >alt:0.049,vel:-0.020,accelAlt:0.044,accelVel:-0.031,baroAlt:0.151,deviation:0.107;

23:15:10.535 > >alt:0.054,vel:-0.011,accelAlt:0.049,accelVel:-0.021,baroAlt:0.151,deviation:0.101;

23:15:10.535 > >alt:0.059,vel:-0.003,accelAlt:0.054,accelVel:-0.012,baroAlt:0.151,deviation:0.096;

23:15:10.546 > >alt:0.062,vel:0.002,accelAlt:0.059,accelVel:-0.004,baroAlt:0.114,deviation:0.055;

23:15:10.551 > >alt:0.064,vel:0.006,accelAlt:0.062,accelVel:0.001,baroAlt:0.114,deviation:0.052;

23:15:10.557 > >alt:0.057,vel:-0.008,accelAlt:0.064,accelVel:0.006,baroAlt:-0.074,deviation:-0.138;

23:15:10.559 > >alt:0.051,vel:-0.022,accelAlt:0.057,accelVel:-0.009,baroAlt:-0.074,deviation:-0.131;

23:15:10.569 > >alt:0.045,vel:-0.035,accelAlt:0.051,accelVel:-0.023,baroAlt:-0.069,deviation:-0.119;

23:15:10.571 > >alt:0.039,vel:-0.048,accelAlt:0.044,accelVel:-0.037,baroAlt:-0.069,deviation:-0.113;

23:15:10.579 > >alt:0.033,vel:-0.059,accelAlt:0.039,accelVel:-0.049,baroAlt:-0.069,deviation:-0.107;

23:15:10.585 > >alt:0.036,vel:-0.054,accelAlt:0.033,accelVel:-0.060,baroAlt:0.100,deviation:0.068;

23:15:10.591 > >alt:0.039,vel:-0.048,accelAlt:0.036,accelVel:-0.055,baroAlt:0.100,deviation:0.065;

23:15:10.597 > >alt:0.038,vel:-0.050,accelAlt:0.039,accelVel:-0.049,baroAlt:0.032,deviation:-0.007;

23:15:10.602 > >alt:0.038,vel:-0.051,accelAlt:0.038,accelVel:-0.051,baroAlt:0.032,deviation:-0.006;

23:15:10.605 > >alt:0.037,vel:-0.053,accelAlt:0.038,accelVel:-0.052,baroAlt:0.032,deviation:-0.006;

23:15:10.613 > >alt:0.032,vel:-0.064,accelAlt:0.037,accelVel:-0.054,baroAlt:-0.069,deviation:-0.106;

23:15:10.619 > >alt:0.026,vel:-0.075,accelAlt:0.031,accelVel:-0.065,baroAlt:-0.069,deviation:-0.100;

23:15:10.621 > >alt:0.027,vel:-0.075,accelAlt:0.026,accelVel:-0.076,baroAlt:0.040,deviation:0.014;

23:15:10.630 > >alt:0.027,vel:-0.074,accelAlt:0.026,accelVel:-0.076,baroAlt:0.040,deviation:0.014;

23:15:10.636 > >alt:0.028,vel:-0.072,accelAlt:0.026,accelVel:-0.075,baroAlt:0.058,deviation:0.032;

23:15:10.641 > >alt:0.029,vel:-0.070,accelAlt:0.027,accelVel:-0.073,baroAlt:0.058,deviation:0.031;

23:15:10.646 > >alt:0.030,vel:-0.068,accelAlt:0.029,accelVel:-0.071,baroAlt:0.058,deviation:0.029;

23:15:10.652 > >alt:0.034,vel:-0.061,accelAlt:0.030,accelVel:-0.069,baroAlt:0.111,deviation:0.081;

23:15:10.658 > >alt:0.037,vel:-0.054,accelAlt:0.033,accelVel:-0.062,baroAlt:0.111,deviation:0.078;

23:15:10.660 > >alt:0.041,vel:-0.047,accelAlt:0.037,accelVel:-0.055,baroAlt:0.122,deviation:0.085;

23:15:10.669 > >alt:0.045,vel:-0.040,accelAlt:0.041,accelVel:-0.048,baroAlt:0.122,deviation:0.081;

23:15:10.673 > >alt:0.050,vel:-0.030,accelAlt:0.045,accelVel:-0.040,baroAlt:0.145,deviation:0.101;

23:15:10.681 > >alt:0.054,vel:-0.022,accelAlt:0.050,accelVel:-0.031,baroAlt:0.145,deviation:0.096;

23:15:10.685 > >alt:0.059,vel:-0.014,accelAlt:0.054,accelVel:-0.023,baroAlt:0.145,deviation:0.091;

23:15:10.692 > >alt:0.061,vel:-0.010,accelAlt:0.059,accelVel:-0.014,baroAlt:0.103,deviation:0.044;

23:15:10.694 > >alt:0.063,vel:-0.007,accelAlt:0.061,accelVel:-0.011,baroAlt:0.103,deviation:0.042;

23:15:10.704 > >alt:0.055,vel:-0.023,accelAlt:0.063,accelVel:-0.008,baroAlt:-0.090,deviation:-0.153;

23:15:10.706 > >alt:0.048,vel:-0.038,accelAlt:0.055,accelVel:-0.024,baroAlt:-0.090,deviation:-0.145;

23:15:10.714 > >alt:0.041,vel:-0.053,accelAlt:0.048,accelVel:-0.039,baroAlt:-0.090,deviation:-0.138;

23:15:10.719 > >alt:0.054,vel:-0.028,accelAlt:0.041,accelVel:-0.054,baroAlt:0.301,deviation:0.261;

23:15:10.725 > >alt:0.066,vel:-0.004,accelAlt:0.053,accelVel:-0.029,baroAlt:0.301,deviation:0.248;

23:15:10.730 > >alt:0.074,vel:0.012,accelAlt:0.066,accelVel:-0.005,baroAlt:0.238,deviation:0.172;

23:15:10.737 > >alt:0.083,vel:0.027,accelAlt:0.074,accelVel:0.011,baroAlt:0.238,deviation:0.163;

23:15:10.740 > >alt:0.092,vel:0.044,accelAlt:0.083,accelVel:0.026,baroAlt:0.267,deviation:0.184;

23:15:10.748 > >alt:0.101,vel:0.061,accelAlt:0.092,accelVel:0.044,baroAlt:0.267,deviation:0.175;

23:15:10.752 > >alt:0.110,vel:0.077,accelAlt:0.101,accelVel:0.061,baroAlt:0.267,deviation:0.166;

23:15:10.760 > >alt:0.094,vel:0.045,accelAlt:0.110,accelVel:0.076,baroAlt:-0.206,deviation:-0.316;

23:15:10.761 > >alt:0.079,vel:0.014,accelAlt:0.094,accelVel:0.044,baroAlt:-0.206,deviation:-0.300;

23:15:10.771 > >alt:0.101,vel:0.057,accelAlt:0.079,accelVel:0.013,baroAlt:0.515,deviation:0.436;

23:15:10.774 > >alt:0.122,vel:0.096,accelAlt:0.102,accelVel:0.055,baroAlt:0.515,deviation:0.414;

23:15:10.779 > >alt:0.113,vel:0.076,accelAlt:0.123,accelVel:0.095,baroAlt:-0.074,deviation:-0.197;

23:15:10.788 > >alt:0.104,vel:0.056,accelAlt:0.113,accelVel:0.075,baroAlt:-0.074,deviation:-0.187;

23:15:10.791 > >alt:0.095,vel:0.037,accelAlt:0.104,accelVel:0.055,baroAlt:-0.074,deviation:-0.178;

23:15:10.800 > >alt:0.082,vel:0.009,accelAlt:0.096,accelVel:0.037,baroAlt:-0.180,deviation:-0.275;

23:15:10.802 > >alt:0.069,vel:-0.018,accelAlt:0.082,accelVel:0.008,baroAlt:-0.180,deviation:-0.262;

23:15:10.810 > >alt:0.058,vel:-0.039,accelAlt:0.069,accelVel:-0.018,baroAlt:-0.143,deviation:-0.211;

23:15:10.816 > >alt:0.048,vel:-0.060,accelAlt:0.058,accelVel:-0.040,baroAlt:-0.143,deviation:-0.201;

23:15:10.822 > >alt:0.038,vel:-0.080,accelAlt:0.048,accelVel:-0.061,baroAlt:-0.143,deviation:-0.190;

23:15:10.828 > >alt:0.026,vel:-0.103,accelAlt:0.038,accelVel:-0.080,baroAlt:-0.190,deviation:-0.228;

23:15:10.832 > >alt:0.015,vel:-0.126,accelAlt:0.026,accelVel:-0.104,baroAlt:-0.190,deviation:-0.216;

23:15:10.837 > >alt:0.019,vel:-0.117,accelAlt:0.014,accelVel:-0.127,baroAlt:0.114,deviation:0.100;

23:15:10.844 > >alt:0.023,vel:-0.108,accelAlt:0.018,accelVel:-0.118,baroAlt:0.114,deviation:0.095;

23:15:10.850 > >alt:0.005,vel:-0.144,accelAlt:0.023,accelVel:-0.109,baroAlt:-0.322,deviation:-0.345;

23:15:10.855 > >alt:-0.012,vel:-0.177,accelAlt:0.004,accelVel:-0.145,baroAlt:-0.322,deviation:-0.327;

23:15:10.858 > >alt:-0.028,vel:-0.209,accelAlt:-0.013,accelVel:-0.178,baroAlt:-0.322,deviation:-0.309;

23:15:10.867 > >alt:-0.035,vel:-0.220,accelAlt:-0.029,accelVel:-0.210,baroAlt:-0.132,deviation:-0.103;

23:15:10.870 > >alt:-0.041,vel:-0.231,accelAlt:-0.036,accelVel:-0.221,baroAlt:-0.132,deviation:-0.096;

23:15:10.870 > >alt:-0.037,vel:-0.222,accelAlt:-0.042,accelVel:-0.232,baroAlt:0.066,deviation:0.108;

23:15:10.883 > >alt:-0.033,vel:-0.213,accelAlt:-0.038,accelVel:-0.223,baroAlt:0.066,deviation:0.104;

23:15:10.887 > >alt:-0.043,vel:-0.231,accelAlt:-0.034,accelVel:-0.214,baroAlt:-0.206,deviation:-0.172;

23:15:10.895 > >alt:-0.052,vel:-0.248,accelAlt:-0.044,accelVel:-0.232,baroAlt:-0.206,deviation:-0.162;

23:15:10.900 > >alt:-0.061,vel:-0.264,accelAlt:-0.053,accelVel:-0.249,baroAlt:-0.206,deviation:-0.153;

23:15:10.907 > >alt:-0.048,vel:-0.236,accelAlt:-0.062,accelVel:-0.264,baroAlt:0.225,deviation:0.287;

23:15:10.912 > >alt:-0.036,vel:-0.210,accelAlt:-0.050,accelVel:-0.237,baroAlt:0.225,deviation:0.274;

23:15:10.918 > >alt:-0.039,vel:-0.214,accelAlt:-0.037,accelVel:-0.211,baroAlt:-0.069,deviation:-0.032;

23:15:10.923 > >alt:-0.041,vel:-0.218,accelAlt:-0.040,accelVel:-0.215,baroAlt:-0.069,deviation:-0.029;

23:15:10.928 > >alt:-0.044,vel:-0.221,accelAlt:-0.043,accelVel:-0.219,baroAlt:-0.069,deviation:-0.026;

23:15:10.935 > >alt:-0.049,vel:-0.230,accelAlt:-0.045,accelVel:-0.222,baroAlt:-0.127,deviation:-0.082;

23:15:10.939 > >alt:-0.054,vel:-0.239,accelAlt:-0.051,accelVel:-0.231,baroAlt:-0.127,deviation:-0.076;

23:15:10.946 > >alt:-0.049,vel:-0.226,accelAlt:-0.056,accelVel:-0.239,baroAlt:0.077,deviation:0.132;

23:15:10.951 > >alt:-0.044,vel:-0.214,accelAlt:-0.051,accelVel:-0.227,baroAlt:0.077,deviation:0.127;

23:15:10.958 > >alt:-0.044,vel:-0.213,accelAlt:-0.045,accelVel:-0.215,baroAlt:-0.021,deviation:0.024;

23:15:10.963 > >alt:-0.044,vel:-0.211,accelAlt:-0.045,accelVel:-0.214,baroAlt:-0.021,deviation:0.024;

23:15:10.967 > >alt:-0.044,vel:-0.210,accelAlt:-0.045,accelVel:-0.212,baroAlt:-0.021,deviation:0.024;

23:15:10.974 > >alt:-0.052,vel:-0.224,accelAlt:-0.045,accelVel:-0.210,baroAlt:-0.185,deviation:-0.140;

23:15:10.979 > >alt:-0.060,vel:-0.238,accelAlt:-0.054,accelVel:-0.225,baroAlt:-0.185,deviation:-0.131;

23:15:10.986 > >alt:-0.064,vel:-0.244,accelAlt:-0.061,accelVel:-0.239,baroAlt:-0.116,deviation:-0.055;

23:15:10.991 > >alt:-0.068,vel:-0.251,accelAlt:-0.066,accelVel:-0.246,baroAlt:-0.116,deviation:-0.050;

23:15:10.997 > >alt:-0.066,vel:-0.245,accelAlt:-0.070,accelVel:-0.252,baroAlt:-0.005,deviation:0.064;

23:15:11.002 > >alt:-0.065,vel:-0.240,accelAlt:-0.068,accelVel:-0.246,baroAlt:-0.005,deviation:0.063;

23:15:11.007 > >alt:-0.063,vel:-0.235,accelAlt:-0.066,accelVel:-0.241,baroAlt:-0.005,deviation:0.061;

23:15:11.010 > >alt:-0.071,vel:-0.249,accelAlt:-0.064,accelVel:-0.235,baroAlt:-0.201,deviation:-0.137;

23:15:11.019 > >alt:-0.079,vel:-0.263,accelAlt:-0.073,accelVel:-0.251,baroAlt:-0.201,deviation:-0.128;

23:15:11.022 > >alt:-0.074,vel:-0.252,accelAlt:-0.080,accelVel:-0.265,baroAlt:0.048,deviation:0.128;

23:15:11.030 > >alt:-0.070,vel:-0.241,accelAlt:-0.076,accelVel:-0.253,baroAlt:0.048,deviation:0.123;

23:15:11.036 > >alt:-0.067,vel:-0.234,accelAlt:-0.071,accelVel:-0.242,baroAlt:0.008,deviation:0.079;

23:15:11.042 > >alt:-0.065,vel:-0.227,accelAlt:-0.068,accelVel:-0.235,baroAlt:0.008,deviation:0.076;

23:15:11.044 > >alt:-0.062,vel:-0.220,accelAlt:-0.066,accelVel:-0.228,baroAlt:0.008,deviation:0.074;

23:15:11.053 > >alt:-0.054,vel:-0.202,accelAlt:-0.063,accelVel:-0.221,baroAlt:0.122,deviation:0.185;

23:15:11.054 > >alt:-0.046,vel:-0.186,accelAlt:-0.055,accelVel:-0.204,baroAlt:0.122,deviation:0.177;

23:15:11.065 > >alt:-0.046,vel:-0.183,accelAlt:-0.047,accelVel:-0.187,baroAlt:-0.011,deviation:0.037;

23:15:11.069 > >alt:-0.045,vel:-0.180,accelAlt:-0.047,accelVel:-0.184,baroAlt:-0.011,deviation:0.036;

23:15:11.075 > >alt:-0.044,vel:-0.177,accelAlt:-0.046,accelVel:-0.181,baroAlt:-0.011,deviation:0.035;

23:15:11.080 > >alt:-0.056,vel:-0.201,accelAlt:-0.045,accelVel:-0.178,baroAlt:-0.270,deviation:-0.225;

23:15:11.086 > >alt:-0.068,vel:-0.223,accelAlt:-0.058,accelVel:-0.202,baroAlt:-0.270,deviation:-0.212;

23:15:11.091 > >alt:-0.057,vel:-0.199,accelAlt:-0.069,accelVel:-0.224,baroAlt:0.180,deviation:0.249;

23:15:11.098 > >alt:-0.046,vel:-0.177,accelAlt:-0.058,accelVel:-0.201,baroAlt:0.180,deviation:0.238;

23:15:11.102 > >alt:-0.046,vel:-0.175,accelAlt:-0.047,accelVel:-0.178,baroAlt:-0.016,deviation:0.031;

23:15:11.110 > >alt:-0.045,vel:-0.172,accelAlt:-0.047,accelVel:-0.175,baroAlt:-0.016,deviation:0.031;

23:15:11.113 > >alt:-0.045,vel:-0.170,accelAlt:-0.046,accelVel:-0.173,baroAlt:-0.016,deviation:0.030;

23:15:11.121 > >alt:-0.039,vel:-0.158,accelAlt:-0.045,accelVel:-0.171,baroAlt:0.082,deviation:0.127;

23:15:11.126 > >alt:-0.034,vel:-0.147,accelAlt:-0.040,accelVel:-0.159,baroAlt:0.082,deviation:0.122;

23:15:11.132 > >alt:-0.043,vel:-0.164,accelAlt:-0.035,accelVel:-0.147,baroAlt:-0.206,deviation:-0.171;

23:15:11.136 > >alt:-0.052,vel:-0.181,accelAlt:-0.044,accelVel:-0.165,baroAlt:-0.206,deviation:-0.162;

23:15:11.136 > >alt:-0.061,vel:-0.197,accelAlt:-0.053,accelVel:-0.182,baroAlt:-0.206,deviation:-0.153;

23:15:11.149 > >alt:-0.061,vel:-0.196,accelAlt:-0.062,accelVel:-0.198,baroAlt:-0.042,deviation:0.020;

23:15:11.153 > >alt:-0.061,vel:-0.195,accelAlt:-0.062,accelVel:-0.197,baroAlt:-0.042,deviation:0.020;

23:15:11.153 > >alt:-0.054,vel:-0.179,accelAlt:-0.062,accelVel:-0.195,baroAlt:0.106,deviation:0.168;

23:15:11.165 > >alt:-0.047,vel:-0.163,accelAlt:-0.055,accelVel:-0.179,baroAlt:0.106,deviation:0.161;

23:15:11.169 > >alt:-0.045,vel:-0.158,accelAlt:-0.048,accelVel:-0.165,baroAlt:0.016,deviation:0.064;

23:15:11.177 > >alt:-0.043,vel:-0.153,accelAlt:-0.046,accelVel:-0.159,baroAlt:0.016,deviation:0.062;

23:15:11.180 > >alt:-0.040,vel:-0.148,accelAlt:-0.043,accelVel:-0.154,baroAlt:0.016,deviation:0.059;

23:15:11.189 > >alt:-0.038,vel:-0.143,accelAlt:-0.041,accelVel:-0.149,baroAlt:0.016,deviation:0.057;

23:15:11.191 > >alt:-0.037,vel:-0.139,accelAlt:-0.039,accelVel:-0.144,baroAlt:0.016,deviation:0.055;

23:15:11.200 > >alt:-0.030,vel:-0.125,accelAlt:-0.037,accelVel:-0.140,baroAlt:0.116,deviation:0.154;

23:15:11.205 > >alt:-0.023,vel:-0.111,accelAlt:-0.030,accelVel:-0.126,baroAlt:0.116,deviation:0.147;

23:15:11.208 > >alt:-0.016,vel:-0.097,accelAlt:-0.024,accelVel:-0.112,baroAlt:0.122,deviation:0.145;

23:15:11.216 > >alt:-0.010,vel:-0.085,accelAlt:-0.017,accelVel:-0.099,baroAlt:0.122,deviation:0.139;

23:15:11.221 > >alt:-0.004,vel:-0.073,accelAlt:-0.011,accelVel:-0.086,baroAlt:0.122,deviation:0.132;

23:15:11.228 > >alt:-0.005,vel:-0.075,accelAlt:-0.004,accelVel:-0.073,baroAlt:-0.016,deviation:-0.012;

23:15:11.230 > >alt:-0.006,vel:-0.076,accelAlt:-0.005,accelVel:-0.075,baroAlt:-0.016,deviation:-0.010;

23:15:11.239 > >alt:-0.012,vel:-0.088,accelAlt:-0.006,accelVel:-0.077,baroAlt:-0.116,deviation:-0.110;

23:15:11.242 > >alt:-0.018,vel:-0.099,accelAlt:-0.012,accelVel:-0.088,baroAlt:-0.116,deviation:-0.104;

23:15:11.249 > >alt:-0.023,vel:-0.109,accelAlt:-0.018,accelVel:-0.100,baroAlt:-0.116,deviation:-0.098;

23:15:11.255 > >alt:-0.013,vel:-0.088,accelAlt:-0.024,accelVel:-0.110,baroAlt:0.196,deviation:0.219;

23:15:11.261 > >alt:-0.003,vel:-0.068,accelAlt:-0.013,accelVel:-0.089,baroAlt:0.196,deviation:0.209;

23:15:11.267 > >alt:0.007,vel:-0.049,accelAlt:-0.003,accelVel:-0.068,baroAlt:0.193,deviation:0.196;

23:15:11.272 > >alt:0.016,vel:-0.030,accelAlt:0.006,accelVel:-0.049,baroAlt:0.193,deviation:0.187;

23:15:11.275 > >alt:0.013,vel:-0.034,accelAlt:0.016,accelVel:-0.030,baroAlt:-0.026,deviation:-0.042;

23:15:11.284 > >alt:0.011,vel:-0.038,accelAlt:0.013,accelVel:-0.034,baroAlt:-0.026,deviation:-0.040;

23:15:11.286 > >alt:0.009,vel:-0.041,accelAlt:0.011,accelVel:-0.037,baroAlt:-0.026,deviation:-0.037;

23:15:11.296 > >alt:0.003,vel:-0.052,accelAlt:0.009,accelVel:-0.039,baroAlt:-0.116,deviation:-0.125;

23:15:11.300 > >alt:-0.004,vel:-0.065,accelAlt:0.002,accelVel:-0.053,baroAlt:-0.116,deviation:-0.119;

23:15:11.302 > >alt:-0.005,vel:-0.067,accelAlt:-0.004,accelVel:-0.065,baroAlt:-0.026,deviation:-0.023;

23:15:11.312 > >alt:-0.006,vel:-0.069,accelAlt:-0.005,accelVel:-0.066,baroAlt:-0.026,deviation:-0.021;

23:15:11.318 > >alt:-0.011,vel:-0.076,accelAlt:-0.007,accelVel:-0.068,baroAlt:-0.085,deviation:-0.078;

23:15:11.323 > >alt:-0.015,vel:-0.082,accelAlt:-0.011,accelVel:-0.075,baroAlt:-0.085,deviation:-0.073;

23:15:11.326 > >alt:-0.019,vel:-0.090,accelAlt:-0.015,accelVel:-0.083,baroAlt:-0.085,deviation:-0.069;

23:15:11.335 > >alt:-0.021,vel:-0.094,accelAlt:-0.019,accelVel:-0.091,baroAlt:-0.053,deviation:-0.034;

23:15:11.336 > >alt:-0.023,vel:-0.099,accelAlt:-0.022,accelVel:-0.095,baroAlt:-0.053,deviation:-0.031;

23:15:11.346 > >alt:-0.029,vel:-0.111,accelAlt:-0.024,accelVel:-0.099,baroAlt:-0.137,deviation:-0.114;

23:15:11.351 > >alt:-0.035,vel:-0.124,accelAlt:-0.030,accelVel:-0.113,baroAlt:-0.137,deviation:-0.107;

23:15:11.357 > >alt:-0.041,vel:-0.134,accelAlt:-0.036,accelVel:-0.124,baroAlt:-0.137,deviation:-0.101;

23:15:11.359 > >alt:-0.029,vel:-0.108,accelAlt:-0.042,accelVel:-0.134,baroAlt:0.219,deviation:0.261;

23:15:11.368 > >alt:-0.017,vel:-0.081,accelAlt:-0.029,accelVel:-0.106,baroAlt:0.219,deviation:0.249;

23:15:11.372 > >alt:-0.016,vel:-0.077,accelAlt:-0.017,accelVel:-0.079,baroAlt:0.011,deviation:0.028;

23:15:11.379 > >alt:-0.015,vel:-0.072,accelAlt:-0.016,accelVel:-0.075,baroAlt:0.011,deviation:0.027;

23:15:11.385 > >alt:-0.024,vel:-0.087,accelAlt:-0.015,accelVel:-0.070,baroAlt:-0.185,deviation:-0.169;

23:15:11.391 > >alt:-0.033,vel:-0.102,accelAlt:-0.025,accelVel:-0.086,baroAlt:-0.185,deviation:-0.160;

23:15:11.396 > >alt:-0.041,vel:-0.117,accelAlt:-0.033,accelVel:-0.102,baroAlt:-0.185,deviation:-0.152;

23:15:11.402 > >alt:-0.041,vel:-0.114,accelAlt:-0.041,accelVel:-0.115,baroAlt:-0.032,deviation:0.010;

23:15:11.403 > >alt:-0.041,vel:-0.107,accelAlt:-0.041,accelVel:-0.108,baroAlt:-0.032,deviation:0.010;

23:15:11.414 > >alt:-0.033,vel:-0.086,accelAlt:-0.041,accelVel:-0.102,baroAlt:0.122,deviation:0.163;

23:15:11.418 > >alt:-0.026,vel:-0.056,accelAlt:-0.034,accelVel:-0.071,baroAlt:0.122,deviation:0.155;

23:15:11.418 > >alt:-0.014,vel:-0.020,accelAlt:-0.026,accelVel:-0.045,baroAlt:0.217,deviation:0.243;

23:15:11.430 > >alt:-0.002,vel:0.023,accelAlt:-0.014,accelVel:-0.000,baroAlt:0.217,deviation:0.231;

23:15:11.435 > >alt:0.009,vel:0.060,accelAlt:-0.002,accelVel:0.038,baroAlt:0.217,deviation:0.219;

23:15:11.442 > >alt:0.007,vel:0.070,accelAlt:0.009,accelVel:0.075,baroAlt:-0.037,deviation:-0.046;

23:15:11.443 > >alt:0.005,vel:0.083,accelAlt:0.007,accelVel:0.087,baroAlt:-0.037,deviation:-0.044;

23:15:11.453 > >alt:0.014,vel:0.113,accelAlt:0.006,accelVel:0.096,baroAlt:0.174,deviation:0.169;

23:15:11.455 > >alt:0.023,vel:0.144,accelAlt:0.015,accelVel:0.128,baroAlt:0.174,deviation:0.159;

23:15:11.463 > >alt:0.031,vel:0.170,accelAlt:0.024,accelVel:0.155,baroAlt:0.174,deviation:0.151;

23:15:11.469 > >alt:0.045,vel:0.205,accelAlt:0.032,accelVel:0.179,baroAlt:0.291,deviation:0.258;

23:15:11.474 > >alt:0.059,vel:0.241,accelAlt:0.047,accelVel:0.217,baroAlt:0.291,deviation:0.244;

23:15:11.481 > >alt:0.067,vel:0.264,accelAlt:0.060,accelVel:0.250,baroAlt:0.203,deviation:0.143;

23:15:11.486 > >alt:0.076,vel:0.288,accelAlt:0.069,accelVel:0.274,baroAlt:0.203,deviation:0.134;

23:15:11.493 > >alt:0.079,vel:0.299,accelAlt:0.077,accelVel:0.296,baroAlt:0.108,deviation:0.031;

23:15:11.496 > >alt:0.082,vel:0.311,accelAlt:0.081,accelVel:0.308,baroAlt:0.108,deviation:0.027;

23:15:11.503 > >alt:0.085,vel:0.321,accelAlt:0.084,accelVel:0.319,baroAlt:0.108,deviation:0.024;

23:15:11.508 > >alt:0.077,vel:0.309,accelAlt:0.087,accelVel:0.329,baroAlt:-0.111,deviation:-0.198;

23:15:11.515 > >alt:0.070,vel:0.300,accelAlt:0.079,accelVel:0.319,baroAlt:-0.111,deviation:-0.190;

23:15:11.519 > >alt:0.078,vel:0.321,accelAlt:0.071,accelVel:0.307,baroAlt:0.211,deviation:0.140;

23:15:11.526 > >alt:0.087,vel:0.344,accelAlt:0.080,accelVel:0.331,baroAlt:0.211,deviation:0.131;

23:15:11.530 > >alt:0.087,vel:0.348,accelAlt:0.089,accelVel:0.351,baroAlt:0.061,deviation:-0.028;

23:15:11.538 > >alt:0.088,vel:0.352,accelAlt:0.090,accelVel:0.355,baroAlt:0.061,deviation:-0.029;

23:15:11.542 > >alt:0.089,vel:0.354,accelAlt:0.090,accelVel:0.357,baroAlt:0.061,deviation:-0.029;

23:15:11.549 > >alt:0.085,vel:0.346,accelAlt:0.090,accelVel:0.358,baroAlt:-0.026,deviation:-0.117;

23:15:11.552 > >alt:0.081,vel:0.340,accelAlt:0.087,accelVel:0.351,baroAlt:-0.026,deviation:-0.113;

23:15:11.552 > >alt:0.083,vel:0.344,accelAlt:0.083,accelVel:0.344,baroAlt:0.087,deviation:0.004;

23:15:11.565 > >alt:0.086,vel:0.350,accelAlt:0.085,accelVel:0.350,baroAlt:0.087,deviation:0.002;

23:15:11.568 > >alt:0.087,vel:0.355,accelAlt:0.087,accelVel:0.355,baroAlt:0.087,deviation:-0.000;

23:15:11.577 > >alt:0.088,vel:0.358,accelAlt:0.089,accelVel:0.360,baroAlt:0.066,deviation:-0.023;

23:15:11.580 > >alt:0.089,vel:0.360,accelAlt:0.090,accelVel:0.363,baroAlt:0.066,deviation:-0.024;

23:15:11.588 > >alt:0.080,vel:0.341,accelAlt:0.091,accelVel:0.363,baroAlt:-0.132,deviation:-0.223;

23:15:11.592 > >alt:0.071,vel:0.324,accelAlt:0.082,accelVel:0.345,baroAlt:-0.132,deviation:-0.214;

23:15:11.600 > >alt:0.062,vel:0.305,accelAlt:0.073,accelVel:0.327,baroAlt:-0.148,deviation:-0.221;

23:15:11.605 > >alt:0.054,vel:0.289,accelAlt:0.064,accelVel:0.310,baroAlt:-0.148,deviation:-0.212;

23:15:11.607 > >alt:0.045,vel:0.271,accelAlt:0.055,accelVel:0.291,baroAlt:-0.148,deviation:-0.203;

23:15:11.617 > >alt:0.056,vel:0.293,accelAlt:0.046,accelVel:0.273,baroAlt:0.246,deviation:0.199;

23:15:11.621 > >alt:0.068,vel:0.314,accelAlt:0.058,accelVel:0.295,baroAlt:0.246,deviation:0.188;

23:15:11.634 > >alt:0.064,vel:0.304,accelAlt:0.069,accelVel:0.314,baroAlt:-0.032,deviation:-0.101;

23:15:11.634 > >alt:0.061,vel:0.296,accelAlt:0.066,accelVel:0.306,baroAlt:-0.032,deviation:-0.098;

23:15:11.658 > >alt:0.062,vel:0.295,accelAlt:0.063,accelVel:0.295,baroAlt:0.058,deviation:-0.005;

23:15:11.658 > >alt:0.064,vel:0.294,accelAlt:0.064,accelVel:0.295,baroAlt:0.058,deviation:-0.006;

23:15:11.658 > >alt:0.065,vel:0.293,accelAlt:0.066,accelVel:0.294,baroAlt:0.058,deviation:-0.007;

23:15:11.658 > >alt:0.066,vel:0.291,accelAlt:0.067,accelVel:0.294,baroAlt:0.042,deviation:-0.024;

23:15:11.670 > >alt:0.066,vel:0.292,accelAlt:0.067,accelVel:0.295,baroAlt:0.042,deviation:-0.025;

23:15:11.670 > >alt:0.074,vel:0.307,accelAlt:0.068,accelVel:0.295,baroAlt:0.190,deviation:0.123;

23:15:11.680 > >alt:0.082,vel:0.324,accelAlt:0.076,accelVel:0.312,baroAlt:0.190,deviation:0.114;

23:15:11.680 > >alt:0.089,vel:0.338,accelAlt:0.083,accelVel:0.327,baroAlt:0.190,deviation:0.107;

23:15:11.684 > >alt:0.085,vel:0.331,accelAlt:0.090,accelVel:0.342,baroAlt:-0.021,deviation:-0.112;

23:15:11.709 > >alt:0.082,vel:0.323,accelAlt:0.087,accelVel:0.334,baroAlt:-0.021,deviation:-0.108;

23:15:11.709 > >alt:0.080,vel:0.319,accelAlt:0.083,accelVel:0.326,baroAlt:0.016,deviation:-0.067;

23:15:11.709 > >alt:0.079,vel:0.314,accelAlt:0.082,accelVel:0.320,baroAlt:0.016,deviation:-0.066;

23:15:11.709 > >alt:0.074,vel:0.302,accelAlt:0.080,accelVel:0.315,baroAlt:-0.042,deviation:-0.123;

23:15:11.729 > >alt:0.070,vel:0.290,accelAlt:0.076,accelVel:0.302,baroAlt:-0.042,deviation:-0.118;

23:15:11.729 > >alt:0.066,vel:0.278,accelAlt:0.072,accelVel:0.289,baroAlt:-0.042,deviation:-0.114;

23:15:11.729 > >alt:0.071,vel:0.284,accelAlt:0.067,accelVel:0.276,baroAlt:0.148,deviation:0.081;

23:15:11.729 > >alt:0.077,vel:0.290,accelAlt:0.073,accelVel:0.283,baroAlt:0.148,deviation:0.075;

23:15:11.735 > >alt:0.086,vel:0.305,accelAlt:0.078,accelVel:0.289,baroAlt:0.238,deviation:0.159;

23:15:11.742 > >alt:0.096,vel:0.318,accelAlt:0.088,accelVel:0.303,baroAlt:0.238,deviation:0.149;

23:15:11.746 > >alt:0.114,vel:0.350,accelAlt:0.098,accelVel:0.317,baroAlt:0.423,deviation:0.325;

23:15:11.752 > >alt:0.131,vel:0.380,accelAlt:0.116,accelVel:0.350,baroAlt:0.423,deviation:0.307;

23:15:11.757 > >alt:0.148,vel:0.411,accelAlt:0.133,accelVel:0.382,baroAlt:0.423,deviation:0.289;

23:15:11.763 > >alt:0.142,vel:0.398,accelAlt:0.150,accelVel:0.413,baroAlt:0.000,deviation:-0.150;

23:15:11.772 > >alt:0.138,vel:0.386,accelAlt:0.145,accelVel:0.400,baroAlt:0.000,deviation:-0.145;

23:15:11.774 > >alt:0.145,vel:0.398,accelAlt:0.140,accelVel:0.387,baroAlt:0.243,deviation:0.103;

23:15:11.780 > >alt:0.152,vel:0.409,accelAlt:0.148,accelVel:0.399,baroAlt:0.243,deviation:0.096;

23:15:11.785 > >alt:0.159,vel:0.419,accelAlt:0.154,accelVel:0.410,baroAlt:0.243,deviation:0.089;

23:15:11.788 > >alt:0.159,vel:0.414,accelAlt:0.161,accelVel:0.418,baroAlt:0.119,deviation:-0.042;

23:15:11.796 > >alt:0.159,vel:0.408,accelAlt:0.162,accelVel:0.413,baroAlt:0.119,deviation:-0.043;

23:15:11.802 > >alt:0.157,vel:0.398,accelAlt:0.161,accelVel:0.407,baroAlt:0.066,deviation:-0.095;

23:15:11.808 > >alt:0.155,vel:0.386,accelAlt:0.159,accelVel:0.395,baroAlt:0.066,deviation:-0.093;

23:15:11.812 > >alt:0.157,vel:0.385,accelAlt:0.157,accelVel:0.383,baroAlt:0.174,deviation:0.018;

23:15:11.820 > >alt:0.161,vel:0.384,accelAlt:0.160,accelVel:0.383,baroAlt:0.174,deviation:0.014;

23:15:11.822 > >alt:0.163,vel:0.384,accelAlt:0.163,accelVel:0.382,baroAlt:0.174,deviation:0.012;

23:15:11.831 > >alt:0.164,vel:0.380,accelAlt:0.165,accelVel:0.382,baroAlt:0.143,deviation:-0.022;

23:15:11.836 > >alt:0.165,vel:0.375,accelAlt:0.166,accelVel:0.378,baroAlt:0.143,deviation:-0.024;

23:15:11.843 > >alt:0.150,vel:0.339,accelAlt:0.167,accelVel:0.374,baroAlt:-0.180,deviation:-0.347;

23:15:11.844 > >alt:0.136,vel:0.305,accelAlt:0.152,accelVel:0.338,baroAlt:-0.180,deviation:-0.332;

23:15:11.854 > >alt:0.136,vel:0.302,accelAlt:0.137,accelVel:0.304,baroAlt:0.108,deviation:-0.029;

23:15:11.860 > >alt:0.136,vel:0.299,accelAlt:0.138,accelVel:0.302,baroAlt:0.108,deviation:-0.029;

23:15:11.862 > >alt:0.136,vel:0.297,accelAlt:0.138,accelVel:0.300,baroAlt:0.108,deviation:-0.029;

23:15:11.870 > >alt:0.123,vel:0.268,accelAlt:0.138,accelVel:0.297,baroAlt:-0.148,deviation:-0.286;

23:15:11.874 > >alt:0.112,vel:0.240,accelAlt:0.125,accelVel:0.267,baroAlt:-0.148,deviation:-0.273;

23:15:11.883 > >alt:0.108,vel:0.229,accelAlt:0.113,accelVel:0.239,baroAlt:0.011,deviation:-0.102;

23:15:11.886 > >alt:0.104,vel:0.216,accelAlt:0.109,accelVel:0.226,baroAlt:0.011,deviation:-0.099;

23:15:11.894 > >alt:0.103,vel:0.209,accelAlt:0.105,accelVel:0.214,baroAlt:0.061,deviation:-0.044;

23:15:11.897 > >alt:0.102,vel:0.201,accelAlt:0.104,accelVel:0.206,baroAlt:0.061,deviation:-0.044;

23:15:11.903 > >alt:0.101,vel:0.194,accelAlt:0.103,accelVel:0.199,baroAlt:0.061,deviation:-0.042;

23:15:11.908 > >alt:0.099,vel:0.186,accelAlt:0.102,accelVel:0.192,baroAlt:0.042,deviation:-0.060;

23:15:11.915 > >alt:0.097,vel:0.177,accelAlt:0.100,accelVel:0.183,baroAlt:0.042,deviation:-0.058;

23:15:11.918 > >alt:0.107,vel:0.193,accelAlt:0.098,accelVel:0.175,baroAlt:0.277,deviation:0.179;

23:15:11.927 > >alt:0.117,vel:0.209,accelAlt:0.108,accelVel:0.192,baroAlt:0.277,deviation:0.169;

23:15:11.930 > >alt:0.126,vel:0.224,accelAlt:0.118,accelVel:0.208,baroAlt:0.277,deviation:0.160;

23:15:11.939 > >alt:0.121,vel:0.211,accelAlt:0.127,accelVel:0.222,baroAlt:0.016,deviation:-0.111;

23:15:11.944 > >alt:0.117,vel:0.199,accelAlt:0.123,accelVel:0.209,baroAlt:0.016,deviation:-0.107;

23:15:11.950 > >alt:0.110,vel:0.180,accelAlt:0.118,accelVel:0.197,baroAlt:-0.048,deviation:-0.166;

23:15:11.955 > >alt:0.103,vel:0.162,accelAlt:0.111,accelVel:0.178,baroAlt:-0.048,deviation:-0.159;

23:15:11.958 > >alt:0.104,vel:0.160,accelAlt:0.104,accelVel:0.160,baroAlt:0.098,deviation:-0.006;

23:15:11.966 > >alt:0.105,vel:0.156,accelAlt:0.105,accelVel:0.157,baroAlt:0.098,deviation:-0.007;

23:15:11.970 > >alt:0.105,vel:0.153,accelAlt:0.105,accelVel:0.153,baroAlt:0.098,deviation:-0.008;

23:15:11.978 > >alt:0.105,vel:0.150,accelAlt:0.106,accelVel:0.150,baroAlt:0.100,deviation:-0.005;

23:15:11.980 > >alt:0.106,vel:0.146,accelAlt:0.106,accelVel:0.146,baroAlt:0.100,deviation:-0.006;

23:15:11.990 > >alt:0.102,vel:0.134,accelAlt:0.107,accelVel:0.144,baroAlt:0.005,deviation:-0.102;

23:15:11.994 > >alt:0.098,vel:0.121,accelAlt:0.103,accelVel:0.131,baroAlt:0.005,deviation:-0.097;

23:15:12.001 > >alt:0.104,vel:0.131,accelAlt:0.098,accelVel:0.119,baroAlt:0.217,deviation:0.118;

23:15:12.006 > >alt:0.111,vel:0.140,accelAlt:0.105,accelVel:0.128,baroAlt:0.217,deviation:0.112;

23:15:12.011 > >alt:0.117,vel:0.147,accelAlt:0.111,accelVel:0.137,baroAlt:0.217,deviation:0.105;

23:15:12.018 > >alt:0.104,vel:0.117,accelAlt:0.117,accelVel:0.144,baroAlt:-0.153,deviation:-0.271;

23:15:12.023 > >alt:0.092,vel:0.088,accelAlt:0.105,accelVel:0.114,baroAlt:-0.153,deviation:-0.258;

23:15:12.030 > >alt:0.093,vel:0.088,accelAlt:0.092,accelVel:0.087,baroAlt:0.103,deviation:0.011;

23:15:12.034 > >alt:0.094,vel:0.087,accelAlt:0.093,accelVel:0.086,baroAlt:0.103,deviation:0.010;

23:15:12.039 > >alt:0.095,vel:0.087,accelAlt:0.094,accelVel:0.086,baroAlt:0.103,deviation:0.009;

23:15:12.046 > >alt:0.098,vel:0.092,accelAlt:0.095,accelVel:0.086,baroAlt:0.159,deviation:0.064;

23:15:12.051 > >alt:0.102,vel:0.097,accelAlt:0.099,accelVel:0.091,baroAlt:0.159,deviation:0.060;

23:15:12.058 > >alt:0.121,vel:0.135,accelAlt:0.102,accelVel:0.097,baroAlt:0.486,deviation:0.384;

23:15:12.059 > >alt:0.141,vel:0.170,accelAlt:0.122,accelVel:0.133,baroAlt:0.486,deviation:0.364;

23:15:12.069 > >alt:0.140,vel:0.164,accelAlt:0.141,accelVel:0.167,baroAlt:0.114,deviation:-0.028;

23:15:12.074 > >alt:0.140,vel:0.158,accelAlt:0.141,accelVel:0.160,baroAlt:0.114,deviation:-0.027;

23:15:12.079 > >alt:0.139,vel:0.152,accelAlt:0.140,accelVel:0.155,baroAlt:0.114,deviation:-0.027;

23:15:12.085 > >alt:0.149,vel:0.167,accelAlt:0.140,accelVel:0.149,baroAlt:0.320,deviation:0.180;

23:15:12.091 > >alt:0.158,vel:0.181,accelAlt:0.150,accelVel:0.164,baroAlt:0.320,deviation:0.170;

23:15:12.097 > >alt:0.171,vel:0.201,accelAlt:0.159,accelVel:0.178,baroAlt:0.388,deviation:0.229;

23:15:12.102 > >alt:0.183,vel:0.219,accelAlt:0.172,accelVel:0.198,baroAlt:0.388,deviation:0.216;

23:15:12.102 > >alt:0.197,vel:0.243,accelAlt:0.184,accelVel:0.217,baroAlt:0.449,deviation:0.265;

23:15:12.114 > >alt:0.211,vel:0.265,accelAlt:0.199,accelVel:0.240,baroAlt:0.449,deviation:0.250;

23:15:12.119 > >alt:0.224,vel:0.286,accelAlt:0.213,accelVel:0.262,baroAlt:0.449,deviation:0.237;

23:15:12.119 > >alt:0.225,vel:0.282,accelAlt:0.226,accelVel:0.283,baroAlt:0.217,deviation:-0.009;

23:15:12.130 > >alt:0.227,vel:0.275,accelAlt:0.227,accelVel:0.276,baroAlt:0.217,deviation:-0.010;

23:15:12.135 > >alt:0.229,vel:0.273,accelAlt:0.228,accelVel:0.270,baroAlt:0.251,deviation:0.023;

23:15:12.142 > >alt:0.232,vel:0.267,accelAlt:0.231,accelVel:0.265,baroAlt:0.251,deviation:0.020;

23:15:12.144 > >alt:0.234,vel:0.262,accelAlt:0.233,accelVel:0.260,baroAlt:0.251,deviation:0.018;

23:15:12.153 > >alt:0.238,vel:0.261,accelAlt:0.235,accelVel:0.255,baroAlt:0.299,deviation:0.063;

23:15:12.158 > >alt:0.243,vel:0.258,accelAlt:0.240,accelVel:0.252,baroAlt:0.299,deviation:0.058;

23:15:12.165 > >alt:0.249,vel:0.260,accelAlt:0.244,accelVel:0.251,baroAlt:0.338,deviation:0.094;

23:15:12.169 > >alt:0.255,vel:0.260,accelAlt:0.251,accelVel:0.252,baroAlt:0.338,deviation:0.088;

23:15:12.176 > >alt:0.249,vel:0.239,accelAlt:0.256,accelVel:0.254,baroAlt:0.103,deviation:-0.153;

23:15:12.180 > >alt:0.243,vel:0.217,accelAlt:0.250,accelVel:0.232,baroAlt:0.103,deviation:-0.147;

23:15:12.186 > >alt:0.237,vel:0.197,accelAlt:0.244,accelVel:0.211,baroAlt:0.103,deviation:-0.141;

23:15:12.189 > >alt:0.243,vel:0.203,accelAlt:0.238,accelVel:0.193,baroAlt:0.338,deviation:0.100;

23:15:12.198 > >alt:0.249,vel:0.206,accelAlt:0.244,accelVel:0.197,baroAlt:0.338,deviation:0.094;

23:15:12.202 > >alt:0.246,vel:0.193,accelAlt:0.250,accelVel:0.201,baroAlt:0.172,deviation:-0.078;

23:15:12.209 > >alt:0.243,vel:0.178,accelAlt:0.247,accelVel:0.185,baroAlt:0.172,deviation:-0.075;

23:15:12.211 > >alt:0.252,vel:0.187,accelAlt:0.244,accelVel:0.172,baroAlt:0.402,deviation:0.157;

23:15:12.220 > >alt:0.261,vel:0.193,accelAlt:0.253,accelVel:0.178,baroAlt:0.402,deviation:0.148;

23:15:12.225 > >alt:0.269,vel:0.200,accelAlt:0.262,accelVel:0.186,baroAlt:0.402,deviation:0.140;

23:15:12.233 > >alt:0.269,vel:0.191,accelAlt:0.269,accelVel:0.192,baroAlt:0.259,deviation:-0.011;

23:15:12.236 > >alt:0.270,vel:0.181,accelAlt:0.270,accelVel:0.182,baroAlt:0.259,deviation:-0.011;

23:15:12.236 > >alt:0.261,vel:0.155,accelAlt:0.270,accelVel:0.175,baroAlt:0.077,deviation:-0.194;

23:15:12.249 > >alt:0.252,vel:0.130,accelAlt:0.262,accelVel:0.148,baroAlt:0.077,deviation:-0.185;

23:15:12.252 > >alt:0.265,vel:0.148,accelAlt:0.253,accelVel:0.124,baroAlt:0.486,deviation:0.233;

23:15:12.261 > >alt:0.277,vel:0.163,accelAlt:0.266,accelVel:0.141,baroAlt:0.486,deviation:0.221;

23:15:12.264 > >alt:0.288,vel:0.179,accelAlt:0.277,accelVel:0.158,baroAlt:0.486,deviation:0.209;

23:15:12.271 > >alt:0.299,vel:0.194,accelAlt:0.289,accelVel:0.174,baroAlt:0.494,deviation:0.205;

23:15:12.274 > >alt:0.310,vel:0.208,accelAlt:0.300,accelVel:0.188,baroAlt:0.494,deviation:0.194;

23:15:12.283 > >alt:0.310,vel:0.201,accelAlt:0.311,accelVel:0.203,baroAlt:0.291,deviation:-0.020;

23:15:12.286 > >alt:0.310,vel:0.194,accelAlt:0.311,accelVel:0.196,baroAlt:0.291,deviation:-0.021;

23:15:12.294 > >alt:0.310,vel:0.188,accelAlt:0.311,accelVel:0.190,baroAlt:0.291,deviation:-0.020;

23:15:12.298 > >alt:0.308,vel:0.179,accelAlt:0.311,accelVel:0.185,baroAlt:0.246,deviation:-0.065;

23:15:12.305 > >alt:0.306,vel:0.169,accelAlt:0.309,accelVel:0.175,baroAlt:0.246,deviation:-0.063;

23:15:12.307 > >alt:0.303,vel:0.160,accelAlt:0.307,accelVel:0.166,baroAlt:0.238,deviation:-0.069;

23:15:12.307 > >alt:0.301,vel:0.151,accelAlt:0.304,accelVel:0.158,baroAlt:0.238,deviation:-0.066;

23:15:12.324 > >alt:0.292,vel:0.130,accelAlt:0.302,accelVel:0.149,baroAlt:0.103,deviation:-0.199;

23:15:12.326 > >alt:0.283,vel:0.108,accelAlt:0.293,accelVel:0.127,baroAlt:0.103,deviation:-0.189;

23:15:12.334 > >alt:0.275,vel:0.089,accelAlt:0.284,accelVel:0.107,baroAlt:0.103,deviation:-0.181;

23:15:12.339 > >alt:0.265,vel:0.066,accelAlt:0.275,accelVel:0.086,baroAlt:0.074,deviation:-0.201;

23:15:12.345 > >alt:0.256,vel:0.043,accelAlt:0.265,accelVel:0.062,baroAlt:0.074,deviation:-0.191;

23:15:12.351 > >alt:0.256,vel:0.038,accelAlt:0.256,accelVel:0.038,baroAlt:0.251,deviation:-0.005;

23:15:12.356 > >alt:0.256,vel:0.032,accelAlt:0.256,accelVel:0.032,baroAlt:0.251,deviation:-0.005;

23:15:12.358 > >alt:0.248,vel:0.012,accelAlt:0.256,accelVel:0.027,baroAlt:0.106,deviation:-0.150;

23:15:12.368 > >alt:0.241,vel:-0.009,accelAlt:0.248,accelVel:0.005,baroAlt:0.106,deviation:-0.143;

23:15:12.372 > >alt:0.234,vel:-0.028,accelAlt:0.241,accelVel:-0.014,baroAlt:0.106,deviation:-0.135;

23:15:12.379 > >alt:0.240,vel:-0.022,accelAlt:0.234,accelVel:-0.033,baroAlt:0.343,deviation:0.109;

23:15:12.384 > >alt:0.245,vel:-0.018,accelAlt:0.239,accelVel:-0.029,baroAlt:0.343,deviation:0.104;

23:15:12.390 > >alt:0.255,vel:-0.003,accelAlt:0.244,accelVel:-0.024,baroAlt:0.447,deviation:0.202;

23:15:12.391 > >alt:0.264,vel:0.009,accelAlt:0.254,accelVel:-0.010,baroAlt:0.447,deviation:0.192;

23:15:12.403 > >alt:0.257,vel:-0.011,accelAlt:0.264,accelVel:0.003,baroAlt:0.127,deviation:-0.137;

23:15:12.404 > >alt:0.251,vel:-0.031,accelAlt:0.257,accelVel:-0.018,baroAlt:0.127,deviation:-0.130;

23:15:12.412 > >alt:0.244,vel:-0.048,accelAlt:0.250,accelVel:-0.036,baroAlt:0.127,deviation:-0.124;

23:15:12.418 > >alt:0.253,vel:-0.033,accelAlt:0.244,accelVel:-0.052,baroAlt:0.425,deviation:0.182;

23:15:12.425 > >alt:0.261,vel:-0.020,accelAlt:0.253,accelVel:-0.038,baroAlt:0.425,deviation:0.173;

23:15:12.429 > >alt:0.268,vel:-0.010,accelAlt:0.261,accelVel:-0.022,baroAlt:0.388,deviation:0.127;

23:15:12.436 > >alt:0.274,vel:-0.000,accelAlt:0.267,accelVel:-0.012,baroAlt:0.388,deviation:0.121;

23:15:12.439 > >alt:0.279,vel:0.010,accelAlt:0.274,accelVel:-0.002,baroAlt:0.388,deviation:0.115;

23:15:12.447 > >alt:0.280,vel:0.009,accelAlt:0.279,accelVel:0.008,baroAlt:0.288,deviation:0.009;

23:15:12.452 > >alt:0.280,vel:0.008,accelAlt:0.280,accelVel:0.008,baroAlt:0.288,deviation:0.008;

23:15:12.457 > >alt:0.285,vel:0.017,accelAlt:0.280,accelVel:0.008,baroAlt:0.370,deviation:0.090;

23:15:12.464 > >alt:0.289,vel:0.024,accelAlt:0.285,accelVel:0.016,baroAlt:0.370,deviation:0.085;

23:15:12.470 > >alt:0.294,vel:0.032,accelAlt:0.289,accelVel:0.022,baroAlt:0.388,deviation:0.099;

23:15:12.475 > >alt:0.299,vel:0.039,accelAlt:0.294,accelVel:0.029,baroAlt:0.388,deviation:0.094;

23:15:12.480 > >alt:0.304,vel:0.045,accelAlt:0.299,accelVel:0.036,baroAlt:0.388,deviation:0.089;

23:15:12.487 > >alt:0.303,vel:0.039,accelAlt:0.304,accelVel:0.042,baroAlt:0.283,deviation:-0.021;

23:15:12.491 > >alt:0.302,vel:0.032,accelAlt:0.303,accelVel:0.034,baroAlt:0.283,deviation:-0.020;

23:15:12.498 > >alt:0.298,vel:0.020,accelAlt:0.302,accelVel:0.028,baroAlt:0.222,deviation:-0.080;

23:15:12.504 > >alt:0.294,vel:0.006,accelAlt:0.298,accelVel:0.013,baroAlt:0.222,deviation:-0.076;

23:15:12.508 > >alt:0.305,vel:0.022,accelAlt:0.294,accelVel:0.001,baroAlt:0.510,deviation:0.216;

23:15:12.515 > >alt:0.315,vel:0.036,accelAlt:0.305,accelVel:0.016,baroAlt:0.510,deviation:0.205;

23:15:12.519 > >alt:0.325,vel:0.050,accelAlt:0.316,accelVel:0.031,baroAlt:0.510,deviation:0.194;

23:15:12.527 > >alt:0.341,vel:0.076,accelAlt:0.326,accelVel:0.045,baroAlt:0.632,deviation:0.306;

23:15:12.531 > >alt:0.356,vel:0.098,accelAlt:0.341,accelVel:0.069,baroAlt:0.632,deviation:0.290;

23:15:12.536 > >alt:0.349,vel:0.078,accelAlt:0.356,accelVel:0.093,baroAlt:0.211,deviation:-0.145;

23:15:12.543 > >alt:0.343,vel:0.057,accelAlt:0.349,accelVel:0.070,baroAlt:0.211,deviation:-0.138;

23:15:12.545 > >alt:0.336,vel:0.038,accelAlt:0.343,accelVel:0.051,baroAlt:0.211,deviation:-0.131;

23:15:12.554 > >alt:0.338,vel:0.036,accelAlt:0.336,accelVel:0.032,baroAlt:0.378,deviation:0.042;

23:15:12.558 > >alt:0.341,vel:0.034,accelAlt:0.339,accelVel:0.030,baroAlt:0.378,deviation:0.039;

23:15:12.558 > >alt:0.336,vel:0.021,accelAlt:0.341,accelVel:0.030,baroAlt:0.246,deviation:-0.095;

23:15:12.571 > >alt:0.332,vel:0.008,accelAlt:0.336,accelVel:0.017,baroAlt:0.246,deviation:-0.090;

23:15:12.575 > >alt:0.330,vel:0.002,accelAlt:0.332,accelVel:0.004,baroAlt:0.304,deviation:-0.028;

23:15:12.582 > >alt:0.329,vel:-0.005,accelAlt:0.330,accelVel:-0.003,baroAlt:0.304,deviation:-0.026;

23:15:12.585 > >alt:0.328,vel:-0.012,accelAlt:0.329,accelVel:-0.009,baroAlt:0.304,deviation:-0.025;

23:15:12.594 > >alt:0.308,vel:-0.055,accelAlt:0.327,accelVel:-0.015,baroAlt:-0.069,deviation:-0.396;

23:15:12.599 > >alt:0.288,vel:-0.098,accelAlt:0.307,accelVel:-0.060,baroAlt:-0.069,deviation:-0.376;

23:15:12.605 > >alt:0.280,vel:-0.118,accelAlt:0.288,accelVel:-0.102,baroAlt:0.132,deviation:-0.156;

23:15:12.608 > >alt:0.272,vel:-0.139,accelAlt:0.279,accelVel:-0.124,baroAlt:0.132,deviation:-0.147;

23:15:12.617 > >alt:0.278,vel:-0.131,accelAlt:0.271,accelVel:-0.144,baroAlt:0.399,deviation:0.128;

23:15:12.619 > >alt:0.283,vel:-0.126,accelAlt:0.277,accelVel:-0.138,baroAlt:0.399,deviation:0.122;

23:15:12.627 > >alt:0.288,vel:-0.119,accelAlt:0.282,accelVel:-0.131,baroAlt:0.399,deviation:0.117;

23:15:12.633 > >alt:0.289,vel:-0.121,accelAlt:0.287,accelVel:-0.125,baroAlt:0.320,deviation:0.032;

23:15:12.639 > >alt:0.290,vel:-0.124,accelAlt:0.288,accelVel:-0.127,baroAlt:0.320,deviation:0.032;

23:15:12.642 > >alt:0.295,vel:-0.117,accelAlt:0.289,accelVel:-0.129,baroAlt:0.407,deviation:0.118;

23:15:12.650 > >alt:0.300,vel:-0.110,accelAlt:0.294,accelVel:-0.121,baroAlt:0.407,deviation:0.113;

23:15:12.652 > >alt:0.304,vel:-0.102,accelAlt:0.299,accelVel:-0.113,baroAlt:0.407,deviation:0.108;

23:15:12.662 > >alt:0.300,vel:-0.111,accelAlt:0.304,accelVel:-0.103,baroAlt:0.225,deviation:-0.079;

23:15:12.667 > >alt:0.296,vel:-0.118,accelAlt:0.299,accelVel:-0.110,baroAlt:0.225,deviation:-0.075;

23:15:12.673 > >alt:0.300,vel:-0.107,accelAlt:0.295,accelVel:-0.117,baroAlt:0.396,deviation:0.101;

23:15:12.674 > >alt:0.304,vel:-0.096,accelAlt:0.299,accelVel:-0.106,baroAlt:0.396,deviation:0.097;

23:15:12.684 > >alt:0.302,vel:-0.099,accelAlt:0.304,accelVel:-0.095,baroAlt:0.262,deviation:-0.042;

23:15:12.687 > >alt:0.299,vel:-0.102,accelAlt:0.301,accelVel:-0.098,baroAlt:0.262,deviation:-0.039;

23:15:12.694 > >alt:0.297,vel:-0.105,accelAlt:0.298,accelVel:-0.101,baroAlt:0.262,deviation:-0.037;

23:15:12.701 > >alt:0.289,vel:-0.117,accelAlt:0.296,accelVel:-0.104,baroAlt:0.161,deviation:-0.135;

23:15:12.707 > >alt:0.282,vel:-0.128,accelAlt:0.289,accelVel:-0.116,baroAlt:0.161,deviation:-0.127;

23:15:12.714 > >alt:0.297,vel:-0.096,accelAlt:0.282,accelVel:-0.127,baroAlt:0.592,deviation:0.310;

23:15:12.718 > >alt:0.311,vel:-0.066,accelAlt:0.296,accelVel:-0.095,baroAlt:0.592,deviation:0.295;

23:15:12.724 > >alt:0.317,vel:-0.054,accelAlt:0.311,accelVel:-0.065,baroAlt:0.428,deviation:0.117;

23:15:12.730 > >alt:0.322,vel:-0.043,accelAlt:0.316,accelVel:-0.054,baroAlt:0.428,deviation:0.112;

23:15:12.734 > >alt:0.327,vel:-0.032,accelAlt:0.322,accelVel:-0.043,baroAlt:0.428,deviation:0.106;

23:15:12.737 > >alt:0.326,vel:-0.035,accelAlt:0.327,accelVel:-0.033,baroAlt:0.301,deviation:-0.026;

23:15:12.746 > >alt:0.324,vel:-0.038,accelAlt:0.325,accelVel:-0.036,baroAlt:0.301,deviation:-0.024;

23:15:12.753 > >alt:0.325,vel:-0.037,accelAlt:0.324,accelVel:-0.039,baroAlt:0.346,deviation:0.022;

23:15:12.758 > >alt:0.326,vel:-0.037,accelAlt:0.325,accelVel:-0.039,baroAlt:0.346,deviation:0.021;

23:15:12.764 > >alt:0.313,vel:-0.063,accelAlt:0.326,accelVel:-0.038,baroAlt:0.079,deviation:-0.246;

23:15:12.768 > >alt:0.301,vel:-0.088,accelAlt:0.313,accelVel:-0.065,baroAlt:0.079,deviation:-0.234;

23:15:12.768 > >alt:0.290,vel:-0.111,accelAlt:0.301,accelVel:-0.089,baroAlt:0.079,deviation:-0.222;

23:15:12.781 > >alt:0.293,vel:-0.104,accelAlt:0.289,accelVel:-0.112,baroAlt:0.375,deviation:0.086;

23:15:12.786 > >alt:0.297,vel:-0.097,accelAlt:0.293,accelVel:-0.105,baroAlt:0.375,deviation:0.082;

23:15:12.787 > >alt:0.289,vel:-0.111,accelAlt:0.296,accelVel:-0.098,baroAlt:0.159,deviation:-0.138;

23:15:12.798 > >alt:0.282,vel:-0.125,accelAlt:0.289,accelVel:-0.112,baroAlt:0.159,deviation:-0.130;

23:15:12.802 > >alt:0.275,vel:-0.138,accelAlt:0.282,accelVel:-0.126,baroAlt:0.159,deviation:-0.123;

23:15:12.808 > >alt:0.275,vel:-0.138,accelAlt:0.275,accelVel:-0.139,baroAlt:0.277,deviation:0.003;

23:15:12.814 > >alt:0.274,vel:-0.139,accelAlt:0.274,accelVel:-0.139,baroAlt:0.277,deviation:0.003;

23:15:12.818 > >alt:0.266,vel:-0.155,accelAlt:0.273,accelVel:-0.139,baroAlt:0.119,deviation:-0.155;

23:15:12.826 > >alt:0.257,vel:-0.170,accelAlt:0.265,accelVel:-0.156,baroAlt:0.119,deviation:-0.146;

23:15:12.830 > >alt:0.262,vel:-0.161,accelAlt:0.257,accelVel:-0.171,baroAlt:0.359,deviation:0.103;

23:15:12.837 > >alt:0.266,vel:-0.152,accelAlt:0.261,accelVel:-0.162,baroAlt:0.359,deviation:0.099;

23:15:12.842 > >alt:0.269,vel:-0.144,accelAlt:0.265,accelVel:-0.153,baroAlt:0.359,deviation:0.095;

23:15:12.850 > >alt:0.277,vel:-0.128,accelAlt:0.269,accelVel:-0.145,baroAlt:0.444,deviation:0.175;

23:15:12.852 > >alt:0.285,vel:-0.112,accelAlt:0.277,accelVel:-0.129,baroAlt:0.444,deviation:0.167;

23:15:12.852 > >alt:0.278,vel:-0.127,accelAlt:0.284,accelVel:-0.114,baroAlt:0.148,deviation:-0.136;

23:15:12.865 > >alt:0.270,vel:-0.141,accelAlt:0.277,accelVel:-0.129,baroAlt:0.148,deviation:-0.129;

23:15:12.868 > >alt:0.271,vel:-0.139,accelAlt:0.270,accelVel:-0.143,baroAlt:0.301,deviation:0.032;

23:15:12.877 > >alt:0.272,vel:-0.138,accelAlt:0.270,accelVel:-0.141,baroAlt:0.301,deviation:0.031;

23:15:12.880 > >alt:0.273,vel:-0.136,accelAlt:0.271,accelVel:-0.139,baroAlt:0.301,deviation:0.030;

23:15:12.889 > >alt:0.277,vel:-0.128,accelAlt:0.272,accelVel:-0.137,baroAlt:0.365,deviation:0.093;

23:15:12.890 > >alt:0.280,vel:-0.121,accelAlt:0.276,accelVel:-0.129,baroAlt:0.365,deviation:0.089;

23:15:12.900 > >alt:0.289,vel:-0.102,accelAlt:0.279,accelVel:-0.122,baroAlt:0.473,deviation:0.193;

23:15:12.905 > >alt:0.298,vel:-0.086,accelAlt:0.288,accelVel:-0.104,baroAlt:0.473,deviation:0.184;

23:15:12.909 > >alt:0.304,vel:-0.073,accelAlt:0.297,accelVel:-0.086,baroAlt:0.423,deviation:0.126;

23:15:12.917 > >alt:0.309,vel:-0.062,accelAlt:0.303,accelVel:-0.074,baroAlt:0.423,deviation:0.120;

23:15:12.919 > >alt:0.314,vel:-0.050,accelAlt:0.309,accelVel:-0.062,baroAlt:0.423,deviation:0.114;

23:15:12.928 > >alt:0.337,vel:-0.004,accelAlt:0.314,accelVel:-0.050,baroAlt:0.769,deviation:0.455;

23:15:12.933 > >alt:0.358,vel:0.040,accelAlt:0.337,accelVel:-0.003,baroAlt:0.769,deviation:0.432;

23:15:12.940 > >alt:0.355,vel:0.034,accelAlt:0.359,accelVel:0.041,baroAlt:0.288,deviation:-0.071;

23:15:12.945 > >alt:0.352,vel:0.028,accelAlt:0.355,accelVel:0.034,baroAlt:0.288,deviation:-0.067;

23:15:12.950 > >alt:0.349,vel:0.022,accelAlt:0.352,accelVel:0.028,baroAlt:0.288,deviation:-0.064;

23:15:12.956 > >alt:0.333,vel:-0.011,accelAlt:0.349,accelVel:0.022,baroAlt:0.021,deviation:-0.328;

23:15:12.961 > >alt:0.317,vel:-0.042,accelAlt:0.333,accelVel:-0.010,baroAlt:0.021,deviation:-0.311;

23:15:12.968 > >alt:0.323,vel:-0.028,accelAlt:0.317,accelVel:-0.041,baroAlt:0.447,deviation:0.130;

23:15:12.973 > >alt:0.329,vel:-0.016,accelAlt:0.323,accelVel:-0.028,baroAlt:0.447,deviation:0.123;

23:15:12.980 > >alt:0.324,vel:-0.026,accelAlt:0.329,accelVel:-0.016,baroAlt:0.227,deviation:-0.102;

23:15:12.984 > >alt:0.319,vel:-0.036,accelAlt:0.324,accelVel:-0.027,baroAlt:0.227,deviation:-0.097;

23:15:12.989 > >alt:0.314,vel:-0.047,accelAlt:0.319,accelVel:-0.037,baroAlt:0.227,deviation:-0.092;

23:15:12.996 > >alt:0.324,vel:-0.027,accelAlt:0.314,accelVel:-0.048,baroAlt:0.521,deviation:0.206;

23:15:13.001 > >alt:0.334,vel:-0.010,accelAlt:0.324,accelVel:-0.029,baroAlt:0.521,deviation:0.196;

23:15:13.008 > >alt:0.342,vel:0.005,accelAlt:0.334,accelVel:-0.011,baroAlt:0.502,deviation:0.168;

23:15:13.009 > >alt:0.350,vel:0.020,accelAlt:0.342,accelVel:0.004,baroAlt:0.502,deviation:0.160;

23:15:13.018 > >alt:0.358,vel:0.036,accelAlt:0.350,accelVel:0.020,baroAlt:0.507,deviation:0.157;

23:15:13.021 > >alt:0.366,vel:0.050,accelAlt:0.359,accelVel:0.035,baroAlt:0.507,deviation:0.149;

23:15:13.029 > >alt:0.373,vel:0.064,accelAlt:0.366,accelVel:0.050,baroAlt:0.507,deviation:0.141;

23:15:13.036 > >alt:0.378,vel:0.072,accelAlt:0.374,accelVel:0.064,baroAlt:0.460,deviation:0.086;

23:15:13.040 > >alt:0.382,vel:0.080,accelAlt:0.378,accelVel:0.072,baroAlt:0.460,deviation:0.081;

23:15:13.047 > >alt:0.382,vel:0.077,accelAlt:0.383,accelVel:0.079,baroAlt:0.357,deviation:-0.026;

23:15:13.052 > >alt:0.381,vel:0.074,accelAlt:0.382,accelVel:0.076,baroAlt:0.357,deviation:-0.025;

23:15:13.056 > >alt:0.380,vel:0.070,accelAlt:0.381,accelVel:0.073,baroAlt:0.351,deviation:-0.030;

23:15:13.064 > >alt:0.379,vel:0.067,accelAlt:0.380,accelVel:0.070,baroAlt:0.351,deviation:-0.029;

23:15:13.068 > >alt:0.378,vel:0.064,accelAlt:0.379,accelVel:0.067,baroAlt:0.351,deviation:-0.028;

23:15:13.068 > >alt:0.373,vel:0.054,accelAlt:0.378,accelVel:0.064,baroAlt:0.280,deviation:-0.098;

23:15:13.080 > >alt:0.369,vel:0.044,accelAlt:0.373,accelVel:0.053,baroAlt:0.280,deviation:-0.093;

23:15:13.085 > >alt:0.370,vel:0.045,accelAlt:0.369,accelVel:0.043,baroAlt:0.388,deviation:0.019;

23:15:13.092 > >alt:0.371,vel:0.046,accelAlt:0.370,accelVel:0.045,baroAlt:0.388,deviation:0.018;

23:15:13.094 > >alt:0.372,vel:0.047,accelAlt:0.371,accelVel:0.046,baroAlt:0.388,deviation:0.017;

23:15:13.103 > >alt:0.365,vel:0.033,accelAlt:0.372,accelVel:0.047,baroAlt:0.233,deviation:-0.140;

23:15:13.109 > >alt:0.359,vel:0.018,accelAlt:0.366,accelVel:0.031,baroAlt:0.233,deviation:-0.133;

23:15:13.111 > >alt:0.348,vel:-0.006,accelAlt:0.359,accelVel:0.017,baroAlt:0.129,deviation:-0.230;

23:15:13.120 > >alt:0.337,vel:-0.030,accelAlt:0.348,accelVel:-0.008,baroAlt:0.129,deviation:-0.218;

23:15:13.124 > >alt:0.337,vel:-0.030,accelAlt:0.336,accelVel:-0.031,baroAlt:0.351,deviation:0.015;

23:15:13.132 > >alt:0.338,vel:-0.030,accelAlt:0.337,accelVel:-0.032,baroAlt:0.351,deviation:0.014;

23:15:13.137 > >alt:0.338,vel:-0.030,accelAlt:0.338,accelVel:-0.032,baroAlt:0.351,deviation:0.014;

23:15:13.137 > >alt:0.360,vel:0.012,accelAlt:0.338,accelVel:-0.032,baroAlt:0.774,deviation:0.436;

23:15:13.148 > >alt:0.381,vel:0.052,accelAlt:0.360,accelVel:0.010,baroAlt:0.774,deviation:0.414;

23:15:13.152 > >alt:0.387,vel:0.063,accelAlt:0.381,accelVel:0.050,baroAlt:0.507,deviation:0.126;

23:15:13.160 > >alt:0.394,vel:0.074,accelAlt:0.388,accelVel:0.062,baroAlt:0.507,deviation:0.120;

23:15:13.163 > >alt:0.402,vel:0.089,accelAlt:0.394,accelVel:0.073,baroAlt:0.555,deviation:0.161;

23:15:13.171 > >alt:0.410,vel:0.105,accelAlt:0.403,accelVel:0.090,baroAlt:0.555,deviation:0.152;

23:15:13.173 > >alt:0.418,vel:0.119,accelAlt:0.411,accelVel:0.105,baroAlt:0.555,deviation:0.144;

23:15:13.180 > >alt:0.405,vel:0.092,accelAlt:0.419,accelVel:0.120,baroAlt:0.143,deviation:-0.276;

23:15:13.188 > >alt:0.392,vel:0.066,accelAlt:0.405,accelVel:0.092,baroAlt:0.143,deviation:-0.263;

23:15:13.192 > >alt:0.393,vel:0.067,accelAlt:0.393,accelVel:0.066,baroAlt:0.402,deviation:0.009;

23:15:13.198 > >alt:0.394,vel:0.068,accelAlt:0.394,accelVel:0.067,baroAlt:0.402,deviation:0.008;

23:15:13.205 > >alt:0.375,vel:0.029,accelAlt:0.394,accelVel:0.067,baroAlt:0.013,deviation:-0.381;

23:15:13.211 > >alt:0.357,vel:-0.007,accelAlt:0.375,accelVel:0.029,baroAlt:0.013,deviation:-0.362;

23:15:13.213 > >alt:0.340,vel:-0.042,accelAlt:0.357,accelVel:-0.007,baroAlt:0.013,deviation:-0.344;

23:15:13.223 > >alt:0.338,vel:-0.045,accelAlt:0.340,accelVel:-0.042,baroAlt:0.309,deviation:-0.031;

23:15:13.227 > >alt:0.337,vel:-0.048,accelAlt:0.338,accelVel:-0.045,baroAlt:0.309,deviation:-0.029;

23:15:13.233 > >alt:0.334,vel:-0.052,accelAlt:0.336,accelVel:-0.049,baroAlt:0.299,deviation:-0.038;

23:15:13.238 > >alt:0.332,vel:-0.056,accelAlt:0.334,accelVel:-0.053,baroAlt:0.299,deviation:-0.035;

23:15:13.244 > >alt:0.330,vel:-0.060,accelAlt:0.332,accelVel:-0.056,baroAlt:0.299,deviation:-0.033;

23:15:13.250 > >alt:0.339,vel:-0.043,accelAlt:0.330,accelVel:-0.060,baroAlt:0.499,deviation:0.169;

23:15:13.256 > >alt:0.346,vel:-0.028,accelAlt:0.338,accelVel:-0.044,baroAlt:0.499,deviation:0.161;

23:15:13.259 > >alt:0.351,vel:-0.020,accelAlt:0.346,accelVel:-0.029,baroAlt:0.436,deviation:0.090;

23:15:13.267 > >alt:0.355,vel:-0.014,accelAlt:0.350,accelVel:-0.023,baroAlt:0.436,deviation:0.086;

23:15:13.270 > >alt:0.342,vel:-0.041,accelAlt:0.355,accelVel:-0.016,baroAlt:0.103,deviation:-0.252;

23:15:13.279 > >alt:0.330,vel:-0.067,accelAlt:0.342,accelVel:-0.043,baroAlt:0.103,deviation:-0.239;

23:15:13.283 > >alt:0.318,vel:-0.091,accelAlt:0.329,accelVel:-0.068,baroAlt:0.103,deviation:-0.226;

23:15:13.290 > >alt:0.311,vel:-0.106,accelAlt:0.318,accelVel:-0.093,baroAlt:0.188,deviation:-0.130;

23:15:13.291 > >alt:0.304,vel:-0.121,accelAlt:0.310,accelVel:-0.108,baroAlt:0.188,deviation:-0.123;

23:15:13.302 > >alt:0.301,vel:-0.128,accelAlt:0.304,accelVel:-0.122,baroAlt:0.246,deviation:-0.058;

23:15:13.302 > >alt:0.297,vel:-0.135,accelAlt:0.300,accelVel:-0.130,baroAlt:0.246,deviation:-0.054;

23:15:13.312 > >alt:0.294,vel:-0.142,accelAlt:0.297,accelVel:-0.136,baroAlt:0.238,deviation:-0.059;

23:15:13.318 > >alt:0.290,vel:-0.148,accelAlt:0.293,accelVel:-0.143,baroAlt:0.238,deviation:-0.055;

23:15:13.321 > >alt:0.287,vel:-0.154,accelAlt:0.289,accelVel:-0.149,baroAlt:0.238,deviation:-0.051;

23:15:13.328 > >alt:0.284,vel:-0.157,accelAlt:0.286,accelVel:-0.155,baroAlt:0.259,deviation:-0.027;

23:15:13.335 > >alt:0.282,vel:-0.161,accelAlt:0.283,accelVel:-0.158,baroAlt:0.259,deviation:-0.024;

23:15:13.341 > >alt:0.275,vel:-0.174,accelAlt:0.281,accelVel:-0.161,baroAlt:0.153,deviation:-0.128;

23:15:13.341 > >alt:0.268,vel:-0.187,accelAlt:0.274,accelVel:-0.175,baroAlt:0.153,deviation:-0.121;

23:15:13.350 > >alt:0.261,vel:-0.200,accelAlt:0.267,accelVel:-0.189,baroAlt:0.153,deviation:-0.114;

23:15:13.355 > >alt:0.265,vel:-0.191,accelAlt:0.260,accelVel:-0.201,baroAlt:0.359,deviation:0.099;

23:15:13.363 > >alt:0.269,vel:-0.183,accelAlt:0.264,accelVel:-0.193,baroAlt:0.359,deviation:0.096;

23:15:13.368 > >alt:0.268,vel:-0.183,accelAlt:0.268,accelVel:-0.184,baroAlt:0.280,deviation:0.012;

23:15:13.374 > >alt:0.268,vel:-0.183,accelAlt:0.267,accelVel:-0.185,baroAlt:0.280,deviation:0.013;

23:15:13.380 > >alt:0.265,vel:-0.188,accelAlt:0.267,accelVel:-0.185,baroAlt:0.238,deviation:-0.029;

23:15:13.386 > >alt:0.263,vel:-0.192,accelAlt:0.264,accelVel:-0.189,baroAlt:0.238,deviation:-0.026;

23:15:13.391 > >alt:0.261,vel:-0.196,accelAlt:0.262,accelVel:-0.193,baroAlt:0.238,deviation:-0.024;

23:15:13.394 > >alt:0.257,vel:-0.202,accelAlt:0.260,accelVel:-0.197,baroAlt:0.211,deviation:-0.048;

23:15:13.403 > >alt:0.254,vel:-0.208,accelAlt:0.256,accelVel:-0.204,baroAlt:0.211,deviation:-0.044;

23:15:13.405 > >alt:0.260,vel:-0.193,accelAlt:0.253,accelVel:-0.208,baroAlt:0.402,deviation:0.149;

23:15:13.414 > >alt:0.266,vel:-0.180,accelAlt:0.259,accelVel:-0.194,baroAlt:0.402,deviation:0.143;

23:15:13.420 > >alt:0.262,vel:-0.186,accelAlt:0.265,accelVel:-0.180,baroAlt:0.201,deviation:-0.064;

23:15:13.425 > >alt:0.258,vel:-0.193,accelAlt:0.260,accelVel:-0.187,baroAlt:0.201,deviation:-0.060;

23:15:13.431 > >alt:0.254,vel:-0.199,accelAlt:0.257,accelVel:-0.193,baroAlt:0.201,deviation:-0.056;

23:15:13.436 > >alt:0.270,vel:-0.164,accelAlt:0.253,accelVel:-0.199,baroAlt:0.600,deviation:0.347;

23:15:13.442 > >alt:0.286,vel:-0.132,accelAlt:0.269,accelVel:-0.165,baroAlt:0.600,deviation:0.331;

23:15:13.444 > >alt:0.281,vel:-0.141,accelAlt:0.285,accelVel:-0.132,baroAlt:0.201,deviation:-0.084;

23:15:13.454 > >alt:0.276,vel:-0.149,accelAlt:0.280,accelVel:-0.141,baroAlt:0.201,deviation:-0.079;

23:15:13.459 > >alt:0.271,vel:-0.157,accelAlt:0.275,accelVel:-0.150,baroAlt:0.201,deviation:-0.074;

23:15:13.465 > >alt:0.270,vel:-0.158,accelAlt:0.271,accelVel:-0.158,baroAlt:0.267,deviation:-0.004;

23:15:13.469 > >alt:0.269,vel:-0.159,accelAlt:0.269,accelVel:-0.159,baroAlt:0.267,deviation:-0.002;

23:15:13.477 > >alt:0.273,vel:-0.151,accelAlt:0.268,accelVel:-0.159,baroAlt:0.354,deviation:0.086;

23:15:13.480 > >alt:0.276,vel:-0.143,accelAlt:0.272,accelVel:-0.151,baroAlt:0.354,deviation:0.082;

23:15:13.489 > >alt:0.268,vel:-0.157,accelAlt:0.275,accelVel:-0.144,baroAlt:0.143,deviation:-0.132;

23:15:13.492 > >alt:0.261,vel:-0.171,accelAlt:0.267,accelVel:-0.158,baroAlt:0.143,deviation:-0.125;

23:15:13.499 > >alt:0.254,vel:-0.184,accelAlt:0.260,accelVel:-0.172,baroAlt:0.143,deviation:-0.118;

23:15:13.503 > >alt:0.262,vel:-0.167,accelAlt:0.253,accelVel:-0.184,baroAlt:0.428,deviation:0.175;

23:15:13.510 > >alt:0.269,vel:-0.151,accelAlt:0.261,accelVel:-0.167,baroAlt:0.428,deviation:0.167;

23:15:13.517 > >alt:0.269,vel:-0.151,accelAlt:0.269,accelVel:-0.151,baroAlt:0.272,deviation:0.004;

23:15:13.521 > >alt:0.268,vel:-0.150,accelAlt:0.268,accelVel:-0.150,baroAlt:0.272,deviation:0.004;

23:15:13.524 > >alt:0.282,vel:-0.120,accelAlt:0.267,accelVel:-0.149,baroAlt:0.555,deviation:0.288;

23:15:13.533 > >alt:0.295,vel:-0.091,accelAlt:0.281,accelVel:-0.119,baroAlt:0.555,deviation:0.274;

23:15:13.536 > >alt:0.307,vel:-0.064,accelAlt:0.294,accelVel:-0.090,baroAlt:0.555,deviation:0.261;

23:15:13.545 > >alt:0.305,vel:-0.066,accelAlt:0.307,accelVel:-0.063,baroAlt:0.277,deviation:-0.029;

23:15:13.546 > >alt:0.304,vel:-0.068,accelAlt:0.305,accelVel:-0.065,baroAlt:0.277,deviation:-0.028;

23:15:13.556 > >alt:0.313,vel:-0.048,accelAlt:0.303,accelVel:-0.067,baroAlt:0.494,deviation:0.191;

23:15:13.561 > >alt:0.322,vel:-0.029,accelAlt:0.312,accelVel:-0.047,baroAlt:0.494,deviation:0.182;

23:15:13.568 > >alt:0.326,vel:-0.020,accelAlt:0.321,accelVel:-0.029,baroAlt:0.404,deviation:0.083;

23:15:13.573 > >alt:0.329,vel:-0.013,accelAlt:0.325,accelVel:-0.021,baroAlt:0.404,deviation:0.079;

23:15:13.578 > >alt:0.333,vel:-0.007,accelAlt:0.329,accelVel:-0.014,baroAlt:0.404,deviation:0.075;

23:15:13.585 > >alt:0.326,vel:-0.021,accelAlt:0.333,accelVel:-0.008,baroAlt:0.201,deviation:-0.132;

23:15:13.589 > >alt:0.320,vel:-0.037,accelAlt:0.326,accelVel:-0.024,baroAlt:0.201,deviation:-0.125;

23:15:13.596 > >alt:0.302,vel:-0.074,accelAlt:0.320,accelVel:-0.039,baroAlt:-0.026,deviation:-0.346;

23:15:13.601 > >alt:0.286,vel:-0.109,accelAlt:0.302,accelVel:-0.077,baroAlt:-0.026,deviation:-0.328;

23:15:13.606 > >alt:0.269,vel:-0.143,accelAlt:0.285,accelVel:-0.112,baroAlt:-0.026,deviation:-0.311;

23:15:13.609 > >alt:0.257,vel:-0.168,accelAlt:0.269,accelVel:-0.145,baroAlt:0.042,deviation:-0.226;

23:15:13.617 > >alt:0.245,vel:-0.191,accelAlt:0.256,accelVel:-0.170,baroAlt:0.042,deviation:-0.214;

23:15:13.621 > >alt:0.242,vel:-0.199,accelAlt:0.245,accelVel:-0.193,baroAlt:0.188,deviation:-0.057;

23:15:13.629 > >alt:0.238,vel:-0.206,accelAlt:0.240,accelVel:-0.201,baroAlt:0.188,deviation:-0.053;

23:15:13.635 > >alt:0.234,vel:-0.212,accelAlt:0.237,accelVel:-0.207,baroAlt:0.190,deviation:-0.046;

23:15:13.641 > >alt:0.231,vel:-0.218,accelAlt:0.233,accelVel:-0.213,baroAlt:0.190,deviation:-0.043;

23:15:13.643 > >alt:0.228,vel:-0.223,accelAlt:0.230,accelVel:-0.219,baroAlt:0.190,deviation:-0.039;

23:15:13.652 > >alt:0.233,vel:-0.211,accelAlt:0.227,accelVel:-0.225,baroAlt:0.365,deviation:0.138;

23:15:13.657 > >alt:0.239,vel:-0.201,accelAlt:0.232,accelVel:-0.214,baroAlt:0.365,deviation:0.133;

23:15:13.664 > >alt:0.243,vel:-0.193,accelAlt:0.238,accelVel:-0.203,baroAlt:0.336,deviation:0.098;

23:15:13.669 > >alt:0.246,vel:-0.186,accelAlt:0.241,accelVel:-0.196,baroAlt:0.336,deviation:0.094;

23:15:13.675 > >alt:0.256,vel:-0.166,accelAlt:0.245,accelVel:-0.188,baroAlt:0.468,deviation:0.223;

23:15:13.680 > >alt:0.266,vel:-0.147,accelAlt:0.255,accelVel:-0.168,baroAlt:0.468,deviation:0.213;

23:15:13.685 > >alt:0.275,vel:-0.128,accelAlt:0.265,accelVel:-0.149,baroAlt:0.468,deviation:0.203;

23:15:13.689 > >alt:0.278,vel:-0.122,accelAlt:0.274,accelVel:-0.130,baroAlt:0.354,deviation:0.080;

23:15:13.697 > >alt:0.281,vel:-0.116,accelAlt:0.278,accelVel:-0.124,baroAlt:0.354,deviation:0.077;

23:15:13.703 > >alt:0.287,vel:-0.105,accelAlt:0.281,accelVel:-0.117,baroAlt:0.396,deviation:0.116;

23:15:13.708 > >alt:0.291,vel:-0.095,accelAlt:0.286,accelVel:-0.106,baroAlt:0.396,deviation:0.111;

23:15:13.710 > >alt:0.284,vel:-0.110,accelAlt:0.291,accelVel:-0.096,baroAlt:0.156,deviation:-0.135;

23:15:13.720 > >alt:0.277,vel:-0.123,accelAlt:0.283,accelVel:-0.110,baroAlt:0.156,deviation:-0.128;

23:15:13.725 > >alt:0.270,vel:-0.136,accelAlt:0.276,accelVel:-0.124,baroAlt:0.156,deviation:-0.120;

23:15:13.732 > >alt:0.277,vel:-0.121,accelAlt:0.270,accelVel:-0.136,baroAlt:0.423,deviation:0.153;

23:15:13.737 > >alt:0.284,vel:-0.107,accelAlt:0.277,accelVel:-0.122,baroAlt:0.423,deviation:0.146;

23:15:13.739 > >alt:0.278,vel:-0.119,accelAlt:0.283,accelVel:-0.108,baroAlt:0.174,deviation:-0.109;

23:15:13.748 > >alt:0.272,vel:-0.131,accelAlt:0.277,accelVel:-0.121,baroAlt:0.174,deviation:-0.103;

23:15:13.752 > >alt:0.266,vel:-0.142,accelAlt:0.271,accelVel:-0.132,baroAlt:0.174,deviation:-0.097;

23:15:13.760 > >alt:0.265,vel:-0.145,accelAlt:0.266,accelVel:-0.144,baroAlt:0.256,deviation:-0.009;

23:15:13.761 > >alt:0.264,vel:-0.148,accelAlt:0.264,accelVel:-0.147,baroAlt:0.256,deviation:-0.008;

23:15:13.771 > >alt:0.247,vel:-0.183,accelAlt:0.263,accelVel:-0.150,baroAlt:-0.058,deviation:-0.321;

23:15:13.775 > >alt:0.231,vel:-0.216,accelAlt:0.246,accelVel:-0.185,baroAlt:-0.058,deviation:-0.304;

23:15:13.780 > >alt:0.222,vel:-0.232,accelAlt:0.229,accelVel:-0.218,baroAlt:0.087,deviation:-0.142;

23:15:13.788 > >alt:0.214,vel:-0.248,accelAlt:0.221,accelVel:-0.235,baroAlt:0.087,deviation:-0.134;

23:15:13.792 > >alt:0.207,vel:-0.263,accelAlt:0.213,accelVel:-0.251,baroAlt:0.087,deviation:-0.126;

23:15:13.799 > >alt:0.210,vel:-0.255,accelAlt:0.205,accelVel:-0.265,baroAlt:0.307,deviation:0.101;

23:15:13.803 > >alt:0.213,vel:-0.247,accelAlt:0.209,accelVel:-0.257,baroAlt:0.307,deviation:0.098;

23:15:13.811 > >alt:0.220,vel:-0.232,accelAlt:0.212,accelVel:-0.248,baroAlt:0.370,deviation:0.158;

23:15:13.816 > >alt:0.226,vel:-0.219,accelAlt:0.219,accelVel:-0.234,baroAlt:0.370,deviation:0.151;

23:15:13.822 > >alt:0.240,vel:-0.190,accelAlt:0.225,accelVel:-0.219,baroAlt:0.521,deviation:0.296;

23:15:13.827 > >alt:0.253,vel:-0.163,accelAlt:0.239,accelVel:-0.191,baroAlt:0.521,deviation:0.282;

23:15:13.832 > >alt:0.265,vel:-0.136,accelAlt:0.252,accelVel:-0.163,baroAlt:0.521,deviation:0.269;

23:15:13.837 > >alt:0.262,vel:-0.142,accelAlt:0.265,accelVel:-0.137,baroAlt:0.219,deviation:-0.045;

23:15:13.844 > >alt:0.259,vel:-0.147,accelAlt:0.261,accelVel:-0.143,baroAlt:0.219,deviation:-0.042;

23:15:13.850 > >alt:0.267,vel:-0.131,accelAlt:0.258,accelVel:-0.148,baroAlt:0.431,deviation:0.172;

23:15:13.856 > >alt:0.274,vel:-0.117,accelAlt:0.266,accelVel:-0.133,baroAlt:0.431,deviation:0.164;

23:15:13.857 > >alt:0.285,vel:-0.096,accelAlt:0.274,accelVel:-0.118,baroAlt:0.494,deviation:0.220;

23:15:13.867 > >alt:0.295,vel:-0.077,accelAlt:0.284,accelVel:-0.098,baroAlt:0.494,deviation:0.210;

23:15:13.872 > >alt:0.304,vel:-0.059,accelAlt:0.294,accelVel:-0.079,baroAlt:0.494,deviation:0.200;

23:15:13.876 > >alt:0.322,vel:-0.024,accelAlt:0.304,accelVel:-0.060,baroAlt:0.658,deviation:0.354;

23:15:13.883 > >alt:0.338,vel:0.008,accelAlt:0.321,accelVel:-0.026,baroAlt:0.658,deviation:0.336;

23:15:13.886 > >alt:0.336,vel:0.002,accelAlt:0.338,accelVel:0.007,baroAlt:0.285,deviation:-0.053;

23:15:13.895 > >alt:0.333,vel:-0.004,accelAlt:0.336,accelVel:0.001,baroAlt:0.285,deviation:-0.050;

23:15:13.900 > >alt:0.331,vel:-0.009,accelAlt:0.333,accelVel:-0.005,baroAlt:0.285,deviation:-0.048;

23:15:13.907 > >alt:0.341,vel:0.010,accelAlt:0.331,accelVel:-0.010,baroAlt:0.528,deviation:0.198;

23:15:13.909 > >alt:0.350,vel:0.028,accelAlt:0.341,accelVel:0.009,baroAlt:0.528,deviation:0.188;

23:15:13.918 > >alt:0.339,vel:0.006,accelAlt:0.350,accelVel:0.028,baroAlt:0.129,deviation:-0.221;

23:15:13.919 > >alt:0.329,vel:-0.016,accelAlt:0.339,accelVel:0.005,baroAlt:0.129,deviation:-0.210;

23:15:13.930 > >alt:0.329,vel:-0.017,accelAlt:0.329,accelVel:-0.017,baroAlt:0.328,deviation:-0.001;

23:15:13.934 > >alt:0.328,vel:-0.018,accelAlt:0.328,accelVel:-0.018,baroAlt:0.328,deviation:-0.001;

23:15:13.940 > >alt:0.328,vel:-0.019,accelAlt:0.328,accelVel:-0.018,baroAlt:0.328,deviation:-0.001;

23:15:13.943 > >alt:0.326,vel:-0.024,accelAlt:0.328,accelVel:-0.019,baroAlt:0.283,deviation:-0.045;

23:15:13.951 > >alt:0.324,vel:-0.028,accelAlt:0.326,accelVel:-0.024,baroAlt:0.283,deviation:-0.043;

23:15:13.956 > >alt:0.322,vel:-0.032,accelAlt:0.323,accelVel:-0.029,baroAlt:0.288,deviation:-0.035;

23:15:13.963 > >alt:0.320,vel:-0.036,accelAlt:0.321,accelVel:-0.033,baroAlt:0.288,deviation:-0.033;

23:15:13.968 > >alt:0.324,vel:-0.027,accelAlt:0.320,accelVel:-0.036,baroAlt:0.415,deviation:0.095;

23:15:13.974 > >alt:0.329,vel:-0.018,accelAlt:0.324,accelVel:-0.027,baroAlt:0.415,deviation:0.091;

23:15:13.977 > >alt:0.333,vel:-0.010,accelAlt:0.329,accelVel:-0.018,baroAlt:0.415,deviation:0.086;

23:15:13.986 > >alt:0.337,vel:-0.002,accelAlt:0.333,accelVel:-0.010,baroAlt:0.412,deviation:0.079;

23:15:13.986 > >alt:0.341,vel:0.004,accelAlt:0.337,accelVel:-0.003,baroAlt:0.412,deviation:0.075;

23:15:13.997 > >alt:0.348,vel:0.017,accelAlt:0.341,accelVel:0.003,baroAlt:0.484,deviation:0.143;

23:15:14.001 > >alt:0.355,vel:0.030,accelAlt:0.348,accelVel:0.017,baroAlt:0.484,deviation:0.136;

23:15:14.007 > >alt:0.361,vel:0.043,accelAlt:0.355,accelVel:0.030,baroAlt:0.484,deviation:0.129;

23:15:14.010 > >alt:0.360,vel:0.040,accelAlt:0.361,accelVel:0.042,baroAlt:0.338,deviation:-0.023;

23:15:14.018 > >alt:0.359,vel:0.038,accelAlt:0.361,accelVel:0.040,baroAlt:0.338,deviation:-0.022;

23:15:14.025 > >alt:0.361,vel:0.040,accelAlt:0.360,accelVel:0.038,baroAlt:0.380,deviation:0.021;

23:15:14.031 > >alt:0.362,vel:0.042,accelAlt:0.361,accelVel:0.040,baroAlt:0.380,deviation:0.020;

23:15:14.035 > >alt:0.372,vel:0.062,accelAlt:0.362,accelVel:0.043,baroAlt:0.555,deviation:0.193;

23:15:14.042 > >alt:0.381,vel:0.081,accelAlt:0.372,accelVel:0.062,baroAlt:0.555,deviation:0.183;

23:15:14.047 > >alt:0.390,vel:0.098,accelAlt:0.382,accelVel:0.081,baroAlt:0.555,deviation:0.173;

23:15:14.052 > >alt:0.387,vel:0.091,accelAlt:0.391,accelVel:0.098,baroAlt:0.322,deviation:-0.069;

23:15:14.058 > >alt:0.385,vel:0.085,accelAlt:0.388,accelVel:0.091,baroAlt:0.322,deviation:-0.066;

23:15:14.061 > >alt:0.384,vel:0.082,accelAlt:0.385,accelVel:0.084,baroAlt:0.359,deviation:-0.026;

23:15:14.069 > >alt:0.383,vel:0.079,accelAlt:0.384,accelVel:0.082,baroAlt:0.359,deviation:-0.025;

23:15:14.073 > >alt:0.398,vel:0.107,accelAlt:0.384,accelVel:0.079,baroAlt:0.663,deviation:0.280;

23:15:14.082 > >alt:0.412,vel:0.133,accelAlt:0.398,accelVel:0.106,baroAlt:0.663,deviation:0.265;

23:15:14.086 > >alt:0.425,vel:0.157,accelAlt:0.412,accelVel:0.132,baroAlt:0.663,deviation:0.251;

23:15:14.093 > >alt:0.408,vel:0.120,accelAlt:0.426,accelVel:0.156,baroAlt:0.069,deviation:-0.357;

23:15:14.094 > >alt:0.391,vel:0.084,accelAlt:0.408,accelVel:0.118,baroAlt:0.069,deviation:-0.340;

23:15:14.105 > >alt:0.391,vel:0.080,accelAlt:0.392,accelVel:0.083,baroAlt:0.365,deviation:-0.027;

23:15:14.108 > >alt:0.390,vel:0.076,accelAlt:0.391,accelVel:0.079,baroAlt:0.365,deviation:-0.026;

23:15:14.115 > >alt:0.389,vel:0.072,accelAlt:0.390,accelVel:0.075,baroAlt:0.365,deviation:-0.025;

23:15:14.119 > >alt:0.396,vel:0.085,accelAlt:0.389,accelVel:0.071,baroAlt:0.528,deviation:0.139;

23:15:14.126 > >alt:0.403,vel:0.097,accelAlt:0.397,accelVel:0.083,baroAlt:0.528,deviation:0.132;

23:15:14.130 > >alt:0.402,vel:0.092,accelAlt:0.404,accelVel:0.095,baroAlt:0.373,deviation:-0.031;

23:15:14.137 > >alt:0.401,vel:0.087,accelAlt:0.403,accelVel:0.090,baroAlt:0.373,deviation:-0.030;

23:15:14.143 > >alt:0.395,vel:0.072,accelAlt:0.402,accelVel:0.086,baroAlt:0.267,deviation:-0.135;

23:15:14.149 > >alt:0.389,vel:0.058,accelAlt:0.395,accelVel:0.071,baroAlt:0.267,deviation:-0.129;

23:15:14.153 > >alt:0.383,vel:0.044,accelAlt:0.389,accelVel:0.056,baroAlt:0.267,deviation:-0.122;

23:15:14.161 > >alt:0.373,vel:0.023,accelAlt:0.383,accelVel:0.043,baroAlt:0.174,deviation:-0.209;

23:15:14.162 > >alt:0.363,vel:0.002,accelAlt:0.373,accelVel:0.021,baroAlt:0.174,deviation:-0.199;

23:15:14.172 > >alt:0.370,vel:0.015,accelAlt:0.363,accelVel:0.001,baroAlt:0.505,deviation:0.142;

23:15:14.177 > >alt:0.377,vel:0.029,accelAlt:0.370,accelVel:0.015,baroAlt:0.505,deviation:0.134;

23:15:14.184 > >alt:0.389,vel:0.053,accelAlt:0.377,accelVel:0.028,baroAlt:0.621,deviation:0.244;

23:15:14.189 > >alt:0.401,vel:0.076,accelAlt:0.390,accelVel:0.053,baroAlt:0.621,deviation:0.231;

23:15:14.193 > >alt:0.413,vel:0.097,accelAlt:0.402,accelVel:0.075,baroAlt:0.621,deviation:0.219;

23:15:14.200 > >alt:0.408,vel:0.086,accelAlt:0.413,accelVel:0.096,baroAlt:0.314,deviation:-0.099;

23:15:14.205 > >alt:0.404,vel:0.075,accelAlt:0.409,accelVel:0.085,baroAlt:0.314,deviation:-0.094;

23:15:14.208 > >alt:0.397,vel:0.059,accelAlt:0.404,accelVel:0.074,baroAlt:0.254,deviation:-0.151;

23:15:14.216 > >alt:0.390,vel:0.042,accelAlt:0.397,accelVel:0.056,baroAlt:0.254,deviation:-0.144;

23:15:14.220 > >alt:0.383,vel:0.026,accelAlt:0.390,accelVel:0.040,baroAlt:0.254,deviation:-0.137;

23:15:14.228 > >alt:0.362,vel:-0.018,accelAlt:0.383,accelVel:0.025,baroAlt:-0.042,deviation:-0.426;

23:15:14.233 > >alt:0.342,vel:-0.061,accelAlt:0.362,accelVel:-0.020,baroAlt:-0.042,deviation:-0.404;

23:15:14.240 > >alt:0.349,vel:-0.046,accelAlt:0.342,accelVel:-0.062,baroAlt:0.499,deviation:0.158;

23:15:14.241 > >alt:0.357,vel:-0.032,accelAlt:0.349,accelVel:-0.047,baroAlt:0.499,deviation:0.150;

23:15:14.252 > >alt:0.369,vel:-0.008,accelAlt:0.356,accelVel:-0.034,baroAlt:0.616,deviation:0.259;

23:15:14.256 > >alt:0.382,vel:0.014,accelAlt:0.369,accelVel:-0.010,baroAlt:0.616,deviation:0.246;

23:15:14.261 > >alt:0.393,vel:0.036,accelAlt:0.382,accelVel:0.013,baroAlt:0.616,deviation:0.234;

23:15:14.268 > >alt:0.369,vel:-0.014,accelAlt:0.394,accelVel:0.034,baroAlt:-0.090,deviation:-0.483;

23:15:14.273 > >alt:0.346,vel:-0.063,accelAlt:0.369,accelVel:-0.017,baroAlt:-0.090,deviation:-0.459;

23:15:14.279 > >alt:0.340,vel:-0.078,accelAlt:0.346,accelVel:-0.065,baroAlt:0.217,deviation:-0.129;

23:15:14.284 > >alt:0.333,vel:-0.092,accelAlt:0.339,accelVel:-0.080,baroAlt:0.217,deviation:-0.122;

23:15:14.291 > >alt:0.330,vel:-0.096,accelAlt:0.332,accelVel:-0.092,baroAlt:0.288,deviation:-0.044;

23:15:14.296 > >alt:0.327,vel:-0.101,accelAlt:0.330,accelVel:-0.097,baroAlt:0.288,deviation:-0.042;

23:15:14.301 > >alt:0.325,vel:-0.104,accelAlt:0.327,accelVel:-0.100,baroAlt:0.288,deviation:-0.039;

23:15:14.307 > >alt:0.312,vel:-0.128,accelAlt:0.324,accelVel:-0.104,baroAlt:0.085,deviation:-0.240;

23:15:14.308 > >alt:0.300,vel:-0.150,accelAlt:0.312,accelVel:-0.127,baroAlt:0.085,deviation:-0.227;

23:15:14.319 > >alt:0.289,vel:-0.171,accelAlt:0.300,accelVel:-0.149,baroAlt:0.079,deviation:-0.220;

23:15:14.321 > >alt:0.277,vel:-0.191,accelAlt:0.287,accelVel:-0.171,baroAlt:0.079,deviation:-0.208;

23:15:14.329 > >alt:0.266,vel:-0.211,accelAlt:0.276,accelVel:-0.191,baroAlt:0.079,deviation:-0.197;

23:15:14.335 > >alt:0.272,vel:-0.197,accelAlt:0.265,accelVel:-0.211,baroAlt:0.404,deviation:0.139;

23:15:14.340 > >alt:0.277,vel:-0.184,accelAlt:0.271,accelVel:-0.197,baroAlt:0.404,deviation:0.133;

23:15:14.347 > >alt:0.270,vel:-0.197,accelAlt:0.277,accelVel:-0.184,baroAlt:0.148,deviation:-0.129;

23:15:14.351 > >alt:0.263,vel:-0.209,accelAlt:0.269,accelVel:-0.197,baroAlt:0.148,deviation:-0.121;

23:15:14.351 > >alt:0.258,vel:-0.217,accelAlt:0.262,accelVel:-0.210,baroAlt:0.196,deviation:-0.066;

23:15:14.364 > >alt:0.254,vel:-0.224,accelAlt:0.257,accelVel:-0.218,baroAlt:0.196,deviation:-0.061;

23:15:14.369 > >alt:0.250,vel:-0.231,accelAlt:0.253,accelVel:-0.225,baroAlt:0.196,deviation:-0.057;

23:15:14.372 > >alt:0.237,vel:-0.256,accelAlt:0.249,accelVel:-0.231,baroAlt:0.005,deviation:-0.243;

23:15:14.381 > >alt:0.223,vel:-0.279,accelAlt:0.235,accelVel:-0.256,baroAlt:0.005,deviation:-0.230;

23:15:14.386 > >alt:0.229,vel:-0.266,accelAlt:0.222,accelVel:-0.280,baroAlt:0.354,deviation:0.132;

23:15:14.391 > >alt:0.233,vel:-0.253,accelAlt:0.227,accelVel:-0.266,baroAlt:0.354,deviation:0.127;

23:15:14.399 > >alt:0.237,vel:-0.242,accelAlt:0.232,accelVel:-0.253,baroAlt:0.343,deviation:0.112;

23:15:14.402 > >alt:0.241,vel:-0.230,accelAlt:0.236,accelVel:-0.241,baroAlt:0.343,deviation:0.108;

23:15:14.402 > >alt:0.245,vel:-0.218,accelAlt:0.240,accelVel:-0.229,baroAlt:0.343,deviation:0.103;

23:15:14.415 > >alt:0.238,vel:-0.228,accelAlt:0.244,accelVel:-0.217,baroAlt:0.129,deviation:-0.115;

23:15:14.420 > >alt:0.232,vel:-0.237,accelAlt:0.237,accelVel:-0.226,baroAlt:0.129,deviation:-0.108;

23:15:14.420 > >alt:0.233,vel:-0.229,accelAlt:0.230,accelVel:-0.235,baroAlt:0.285,deviation:0.055;

23:15:14.431 > >alt:0.234,vel:-0.220,accelAlt:0.232,accelVel:-0.225,baroAlt:0.285,deviation:0.054;

23:15:14.436 > >alt:0.235,vel:-0.214,accelAlt:0.233,accelVel:-0.217,baroAlt:0.262,deviation:0.028;

23:15:14.443 > >alt:0.235,vel:-0.207,accelAlt:0.233,accelVel:-0.210,baroAlt:0.262,deviation:0.028;

23:15:14.446 > >alt:0.235,vel:-0.200,accelAlt:0.234,accelVel:-0.203,baroAlt:0.262,deviation:0.028;

23:15:14.454 > >alt:0.247,vel:-0.170,accelAlt:0.234,accelVel:-0.197,baroAlt:0.497,deviation:0.263;

23:15:14.458 > >alt:0.259,vel:-0.140,accelAlt:0.246,accelVel:-0.165,baroAlt:0.497,deviation:0.251;

23:15:14.466 > >alt:0.251,vel:-0.149,accelAlt:0.258,accelVel:-0.135,baroAlt:0.116,deviation:-0.142;

23:15:14.471 > >alt:0.243,vel:-0.156,accelAlt:0.250,accelVel:-0.143,baroAlt:0.116,deviation:-0.134;

23:15:14.471 > >alt:0.236,vel:-0.164,accelAlt:0.243,accelVel:-0.151,baroAlt:0.116,deviation:-0.126;

23:15:14.483 > >alt:0.239,vel:-0.151,accelAlt:0.236,accelVel:-0.159,baroAlt:0.314,deviation:0.079;

23:15:14.485 > >alt:0.242,vel:-0.138,accelAlt:0.239,accelVel:-0.146,baroAlt:0.314,deviation:0.076;

23:15:14.494 > >alt:0.228,vel:-0.160,accelAlt:0.242,accelVel:-0.134,baroAlt:-0.021,deviation:-0.263;

23:15:14.496 > >alt:0.215,vel:-0.180,accelAlt:0.227,accelVel:-0.155,baroAlt:-0.021,deviation:-0.249;

23:15:14.506 > >alt:0.219,vel:-0.166,accelAlt:0.214,accelVel:-0.176,baroAlt:0.314,deviation:0.100;

23:15:14.509 > >alt:0.223,vel:-0.153,accelAlt:0.218,accelVel:-0.163,baroAlt:0.314,deviation:0.096;

23:15:14.516 > >alt:0.227,vel:-0.141,accelAlt:0.222,accelVel:-0.150,baroAlt:0.314,deviation:0.092;

23:15:14.519 > >alt:0.211,vel:-0.170,accelAlt:0.226,accelVel:-0.140,baroAlt:-0.074,deviation:-0.300;

23:15:14.527 > >alt:0.196,vel:-0.198,accelAlt:0.210,accelVel:-0.170,baroAlt:-0.074,deviation:-0.284;

23:15:14.533 > >alt:0.206,vel:-0.176,accelAlt:0.195,accelVel:-0.198,baroAlt:0.415,deviation:0.220;

23:15:14.538 > >alt:0.215,vel:-0.155,accelAlt:0.205,accelVel:-0.176,baroAlt:0.415,deviation:0.210;

23:15:14.541 > >alt:0.222,vel:-0.140,accelAlt:0.214,accelVel:-0.156,baroAlt:0.375,deviation:0.161;

23:15:14.550 > >alt:0.229,vel:-0.125,accelAlt:0.221,accelVel:-0.140,baroAlt:0.375,deviation:0.154;

23:15:14.554 > >alt:0.236,vel:-0.111,accelAlt:0.229,accelVel:-0.126,baroAlt:0.375,deviation:0.147;

23:15:14.562 > >alt:0.235,vel:-0.113,accelAlt:0.235,accelVel:-0.112,baroAlt:0.227,deviation:-0.008;

23:15:14.567 > >alt:0.234,vel:-0.115,accelAlt:0.234,accelVel:-0.115,baroAlt:0.227,deviation:-0.007;

23:15:14.574 > >alt:0.239,vel:-0.104,accelAlt:0.233,accelVel:-0.117,baroAlt:0.359,deviation:0.126;

23:15:14.575 > >alt:0.245,vel:-0.095,accelAlt:0.239,accelVel:-0.107,baroAlt:0.359,deviation:0.121;

23:15:14.585 > >alt:0.261,vel:-0.064,accelAlt:0.244,accelVel:-0.098,baroAlt:0.581,deviation:0.337;

23:15:14.590 > >alt:0.277,vel:-0.036,accelAlt:0.261,accelVel:-0.068,baroAlt:0.581,deviation:0.321;

23:15:14.593 > >alt:0.292,vel:-0.008,accelAlt:0.277,accelVel:-0.038,baroAlt:0.581,deviation:0.305;

23:15:14.602 > >alt:0.293,vel:-0.008,accelAlt:0.292,accelVel:-0.010,baroAlt:0.312,deviation:0.020;

23:15:14.603 > >alt:0.294,vel:-0.009,accelAlt:0.293,accelVel:-0.011,baroAlt:0.312,deviation:0.019;

23:15:14.613 > >alt:0.305,vel:0.012,accelAlt:0.294,accelVel:-0.011,baroAlt:0.528,deviation:0.235;

23:15:14.618 > >alt:0.316,vel:0.032,accelAlt:0.305,accelVel:0.009,baroAlt:0.528,deviation:0.223;

23:15:14.623 > >alt:0.327,vel:0.051,accelAlt:0.317,accelVel:0.030,baroAlt:0.528,deviation:0.212;

23:15:14.625 > >alt:0.324,vel:0.041,accelAlt:0.327,accelVel:0.048,baroAlt:0.259,deviation:-0.068;

23:15:14.634 > >alt:0.321,vel:0.032,accelAlt:0.324,accelVel:0.038,baroAlt:0.259,deviation:-0.065;

23:15:14.639 > >alt:0.315,vel:0.017,accelAlt:0.321,accelVel:0.029,baroAlt:0.196,deviation:-0.126;

23:15:14.646 > >alt:0.309,vel:0.002,accelAlt:0.315,accelVel:0.014,baroAlt:0.196,deviation:-0.119;

23:15:14.652 > >alt:0.301,vel:-0.016,accelAlt:0.309,accelVel:-0.001,baroAlt:0.151,deviation:-0.158;

23:15:14.657 > >alt:0.293,vel:-0.034,accelAlt:0.301,accelVel:-0.019,baroAlt:0.151,deviation:-0.150;

23:15:14.662 > >alt:0.286,vel:-0.051,accelAlt:0.293,accelVel:-0.036,baroAlt:0.151,deviation:-0.143;

23:15:14.669 > >alt:0.280,vel:-0.064,accelAlt:0.286,accelVel:-0.053,baroAlt:0.174,deviation:-0.111;

23:15:14.674 > >alt:0.274,vel:-0.078,accelAlt:0.280,accelVel:-0.067,baroAlt:0.174,deviation:-0.105;

23:15:14.680 > >alt:0.283,vel:-0.063,accelAlt:0.274,accelVel:-0.081,baroAlt:0.447,deviation:0.172;

23:15:14.685 > >alt:0.290,vel:-0.050,accelAlt:0.282,accelVel:-0.067,baroAlt:0.447,deviation:0.164;

23:15:14.688 > >alt:0.298,vel:-0.038,accelAlt:0.290,accelVel:-0.053,baroAlt:0.447,deviation:0.156;

23:15:14.697 > >alt:0.299,vel:-0.037,accelAlt:0.298,accelVel:-0.040,baroAlt:0.330,deviation:0.032;

23:15:14.702 > >alt:0.301,vel:-0.038,accelAlt:0.299,accelVel:-0.041,baroAlt:0.330,deviation:0.031;

23:15:14.709 > >alt:0.284,vel:-0.074,accelAlt:0.300,accelVel:-0.041,baroAlt:-0.026,deviation:-0.327;

23:15:14.710 > >alt:0.268,vel:-0.110,accelAlt:0.284,accelVel:-0.079,baroAlt:-0.026,deviation:-0.310;

23:15:14.720 > >alt:0.255,vel:-0.139,accelAlt:0.268,accelVel:-0.114,baroAlt:0.024,deviation:-0.244;

23:15:14.722 > >alt:0.243,vel:-0.167,accelAlt:0.254,accelVel:-0.144,baroAlt:0.024,deviation:-0.231;

23:15:14.730 > >alt:0.231,vel:-0.194,accelAlt:0.242,accelVel:-0.172,baroAlt:0.024,deviation:-0.218;

23:15:14.736 > >alt:0.234,vel:-0.191,accelAlt:0.230,accelVel:-0.199,baroAlt:0.307,deviation:0.076;

23:15:14.742 > >alt:0.236,vel:-0.189,accelAlt:0.233,accelVel:-0.196,baroAlt:0.307,deviation:0.074;

23:15:14.748 > >alt:0.235,vel:-0.194,accelAlt:0.235,accelVel:-0.193,baroAlt:0.225,deviation:-0.011;

23:15:14.752 > >alt:0.233,vel:-0.201,accelAlt:0.233,accelVel:-0.200,baroAlt:0.225,deviation:-0.009;

23:15:14.760 > >alt:0.248,vel:-0.174,accelAlt:0.232,accelVel:-0.205,baroAlt:0.544,deviation:0.312;

23:15:14.761 > >alt:0.261,vel:-0.150,accelAlt:0.246,accelVel:-0.180,baroAlt:0.544,deviation:0.298;

23:15:14.770 > >alt:0.275,vel:-0.126,accelAlt:0.260,accelVel:-0.155,baroAlt:0.544,deviation:0.284;

23:15:14.775 > >alt:0.277,vel:-0.124,accelAlt:0.274,accelVel:-0.131,baroAlt:0.341,deviation:0.067;

23:15:14.781 > >alt:0.280,vel:-0.124,accelAlt:0.276,accelVel:-0.131,baroAlt:0.341,deviation:0.064;

23:15:14.788 > >alt:0.296,vel:-0.094,accelAlt:0.279,accelVel:-0.129,baroAlt:0.624,deviation:0.345;

23:15:14.792 > >alt:0.312,vel:-0.067,accelAlt:0.296,accelVel:-0.100,baroAlt:0.624,deviation:0.328;

23:15:14.795 > >alt:0.321,vel:-0.052,accelAlt:0.312,accelVel:-0.071,baroAlt:0.499,deviation:0.188;

23:15:14.804 > >alt:0.329,vel:-0.039,accelAlt:0.321,accelVel:-0.057,baroAlt:0.499,deviation:0.179;

23:15:14.808 > >alt:0.338,vel:-0.026,accelAlt:0.329,accelVel:-0.043,baroAlt:0.499,deviation:0.170;

23:15:14.816 > >alt:0.338,vel:-0.030,accelAlt:0.338,accelVel:-0.031,baroAlt:0.343,deviation:0.006;

23:15:14.819 > >alt:0.338,vel:-0.035,accelAlt:0.338,accelVel:-0.036,baroAlt:0.343,deviation:0.006;

23:15:14.828 > >alt:0.344,vel:-0.028,accelAlt:0.338,accelVel:-0.039,baroAlt:0.457,deviation:0.119;

23:15:14.830 > >alt:0.349,vel:-0.021,accelAlt:0.343,accelVel:-0.032,baroAlt:0.457,deviation:0.114;

23:15:14.837 > >alt:0.354,vel:-0.013,accelAlt:0.349,accelVel:-0.024,baroAlt:0.457,deviation:0.108;

23:15:14.842 > >alt:0.361,vel:-0.002,accelAlt:0.354,accelVel:-0.016,baroAlt:0.494,deviation:0.140;

23:15:14.849 > >alt:0.368,vel:0.009,accelAlt:0.361,accelVel:-0.005,baroAlt:0.494,deviation:0.133;

23:15:14.852 > >alt:0.367,vel:0.005,accelAlt:0.368,accelVel:0.007,baroAlt:0.354,deviation:-0.014;

23:15:14.861 > >alt:0.367,vel:0.002,accelAlt:0.367,accelVel:0.003,baroAlt:0.354,deviation:-0.013;

23:15:14.867 > >alt:0.369,vel:0.004,accelAlt:0.367,accelVel:0.000,baroAlt:0.410,deviation:0.043;

23:15:14.872 > >alt:0.371,vel:0.007,accelAlt:0.369,accelVel:0.003,baroAlt:0.410,deviation:0.041;

23:15:14.876 > >alt:0.373,vel:0.009,accelAlt:0.371,accelVel:0.005,baroAlt:0.410,deviation:0.039;

23:15:14.884 > >alt:0.382,vel:0.026,accelAlt:0.373,accelVel:0.008,baroAlt:0.555,deviation:0.182;

23:15:14.888 > >alt:0.391,vel:0.043,accelAlt:0.382,accelVel:0.025,baroAlt:0.555,deviation:0.173;

23:15:14.892 > >alt:0.389,vel:0.038,accelAlt:0.391,accelVel:0.042,baroAlt:0.349,deviation:-0.042;

23:15:14.900 > >alt:0.387,vel:0.033,accelAlt:0.389,accelVel:0.037,baroAlt:0.349,deviation:-0.040;

23:15:14.904 > >alt:0.378,vel:0.013,accelAlt:0.387,accelVel:0.032,baroAlt:0.201,deviation:-0.186;

23:15:14.912 > >alt:0.369,vel:-0.005,accelAlt:0.378,accelVel:0.013,baroAlt:0.201,deviation:-0.177;

23:15:14.917 > >alt:0.361,vel:-0.022,accelAlt:0.369,accelVel:-0.005,baroAlt:0.201,deviation:-0.168;

23:15:14.923 > >alt:0.356,vel:-0.031,accelAlt:0.361,accelVel:-0.022,baroAlt:0.270,deviation:-0.091;

23:15:14.924 > >alt:0.351,vel:-0.040,accelAlt:0.356,accelVel:-0.031,baroAlt:0.270,deviation:-0.086;

23:15:14.935 > >alt:0.365,vel:-0.012,accelAlt:0.351,accelVel:-0.040,baroAlt:0.626,deviation:0.275;

23:15:14.936 > >alt:0.378,vel:0.014,accelAlt:0.365,accelVel:-0.012,baroAlt:0.626,deviation:0.261;

23:15:14.945 > >alt:0.390,vel:0.039,accelAlt:0.378,accelVel:0.014,baroAlt:0.626,deviation:0.248;

23:15:14.951 > >alt:0.392,vel:0.041,accelAlt:0.391,accelVel:0.039,baroAlt:0.412,deviation:0.022;

23:15:14.956 > >alt:0.393,vel:0.043,accelAlt:0.392,accelVel:0.041,baroAlt:0.412,deviation:0.020;

23:15:14.962 > >alt:0.404,vel:0.065,accelAlt:0.393,accelVel:0.044,baroAlt:0.608,deviation:0.214;

23:15:14.967 > >alt:0.415,vel:0.085,accelAlt:0.404,accelVel:0.065,baroAlt:0.608,deviation:0.203;

23:15:14.974 > >alt:0.383,vel:0.022,accelAlt:0.415,accelVel:0.085,baroAlt:-0.217,deviation:-0.632;

23:15:14.978 > >alt:0.354,vel:-0.039,accelAlt:0.384,accelVel:0.021,baroAlt:-0.217,deviation:-0.600;

23:15:14.984 > >alt:0.325,vel:-0.097,accelAlt:0.353,accelVel:-0.040,baroAlt:-0.217,deviation:-0.570;

23:15:14.991 > >alt:0.330,vel:-0.087,accelAlt:0.324,accelVel:-0.097,baroAlt:0.428,deviation:0.104;

23:15:14.992 > >alt:0.334,vel:-0.078,accelAlt:0.329,accelVel:-0.088,baroAlt:0.428,deviation:0.099;

23:15:15.002 > >alt:0.329,vel:-0.087,accelAlt:0.334,accelVel:-0.079,baroAlt:0.246,deviation:-0.088;

23:15:15.004 > >alt:0.324,vel:-0.096,accelAlt:0.329,accelVel:-0.088,baroAlt:0.246,deviation:-0.083;

23:15:15.014 > >alt:0.312,vel:-0.120,accelAlt:0.324,accelVel:-0.097,baroAlt:0.087,deviation:-0.237;

23:15:15.019 > >alt:0.300,vel:-0.142,accelAlt:0.311,accelVel:-0.120,baroAlt:0.087,deviation:-0.224;

23:15:15.019 > >alt:0.289,vel:-0.163,accelAlt:0.299,accelVel:-0.142,baroAlt:0.087,deviation:-0.212;

23:15:15.030 > >alt:0.294,vel:-0.150,accelAlt:0.288,accelVel:-0.163,baroAlt:0.417,deviation:0.130;

23:15:15.035 > >alt:0.300,vel:-0.137,accelAlt:0.293,accelVel:-0.150,baroAlt:0.417,deviation:0.124;

23:15:15.035 > >alt:0.310,vel:-0.114,accelAlt:0.299,accelVel:-0.137,baroAlt:0.528,deviation:0.230;

23:15:15.046 > >alt:0.321,vel:-0.092,accelAlt:0.310,accelVel:-0.114,baroAlt:0.528,deviation:0.219;

23:15:15.051 > >alt:0.331,vel:-0.071,accelAlt:0.320,accelVel:-0.092,baroAlt:0.528,deviation:0.208;

23:15:15.058 > >alt:0.330,vel:-0.072,accelAlt:0.330,accelVel:-0.071,baroAlt:0.317,deviation:-0.013;

23:15:15.060 > >alt:0.328,vel:-0.074,accelAlt:0.329,accelVel:-0.073,baroAlt:0.317,deviation:-0.012;

23:15:15.070 > >alt:0.346,vel:-0.038,accelAlt:0.328,accelVel:-0.075,baroAlt:0.695,deviation:0.367;

23:15:15.071 > >alt:0.364,vel:-0.004,accelAlt:0.346,accelVel:-0.039,baroAlt:0.695,deviation:0.349;

23:15:15.081 > >alt:0.359,vel:-0.015,accelAlt:0.364,accelVel:-0.006,baroAlt:0.267,deviation:-0.097;

23:15:15.086 > >alt:0.354,vel:-0.026,accelAlt:0.359,accelVel:-0.017,baroAlt:0.267,deviation:-0.092;

23:15:15.091 > >alt:0.350,vel:-0.036,accelAlt:0.354,accelVel:-0.027,baroAlt:0.267,deviation:-0.087;

23:15:15.094 > >alt:0.334,vel:-0.068,accelAlt:0.349,accelVel:-0.037,baroAlt:0.040,deviation:-0.310;

23:15:15.102 > >alt:0.319,vel:-0.098,accelAlt:0.333,accelVel:-0.069,baroAlt:0.040,deviation:-0.294;

23:15:15.107 > >alt:0.325,vel:-0.085,accelAlt:0.318,accelVel:-0.098,baroAlt:0.449,deviation:0.131;

23:15:15.114 > >alt:0.330,vel:-0.072,accelAlt:0.324,accelVel:-0.085,baroAlt:0.449,deviation:0.125;

23:15:15.118 > >alt:0.334,vel:-0.065,accelAlt:0.330,accelVel:-0.072,baroAlt:0.404,deviation:0.074;

23:15:15.126 > >alt:0.337,vel:-0.058,accelAlt:0.333,accelVel:-0.065,baroAlt:0.404,deviation:0.071;

23:15:15.130 > >alt:0.340,vel:-0.051,accelAlt:0.337,accelVel:-0.058,baroAlt:0.404,deviation:0.068;

23:15:15.137 > >alt:0.347,vel:-0.036,accelAlt:0.340,accelVel:-0.051,baroAlt:0.484,deviation:0.144;

23:15:15.141 > >alt:0.354,vel:-0.023,accelAlt:0.347,accelVel:-0.036,baroAlt:0.484,deviation:0.137;

23:15:15.149 > >alt:0.365,vel:0.000,accelAlt:0.353,accelVel:-0.023,baroAlt:0.584,deviation:0.231;

23:15:15.152 > >alt:0.376,vel:0.022,accelAlt:0.365,accelVel:-0.000,baroAlt:0.584,deviation:0.219;

23:15:15.159 > >alt:0.386,vel:0.042,accelAlt:0.376,accelVel:0.021,baroAlt:0.584,deviation:0.208;

23:15:15.166 > >alt:0.387,vel:0.042,accelAlt:0.387,accelVel:0.041,baroAlt:0.388,deviation:0.002;

23:15:15.169 > >alt:0.387,vel:0.041,accelAlt:0.387,accelVel:0.041,baroAlt:0.388,deviation:0.001;

23:15:15.175 > >alt:0.375,vel:0.016,accelAlt:0.387,accelVel:0.040,baroAlt:0.143,deviation:-0.245;

23:15:15.182 > >alt:0.363,vel:-0.009,accelAlt:0.375,accelVel:0.014,baroAlt:0.143,deviation:-0.232;

23:15:15.186 > >alt:0.355,vel:-0.027,accelAlt:0.363,accelVel:-0.010,baroAlt:0.198,deviation:-0.165;

23:15:15.193 > >alt:0.347,vel:-0.044,accelAlt:0.355,accelVel:-0.028,baroAlt:0.198,deviation:-0.157;

23:15:15.198 > >alt:0.339,vel:-0.060,accelAlt:0.347,accelVel:-0.045,baroAlt:0.198,deviation:-0.149;

23:15:15.205 > >alt:0.345,vel:-0.051,accelAlt:0.339,accelVel:-0.062,baroAlt:0.447,deviation:0.107;

23:15:15.206 > >alt:0.349,vel:-0.044,accelAlt:0.344,accelVel:-0.055,baroAlt:0.447,deviation:0.102;

23:15:15.217 > >alt:0.357,vel:-0.031,accelAlt:0.349,accelVel:-0.047,baroAlt:0.510,deviation:0.161;

23:15:15.222 > >alt:0.364,vel:-0.021,accelAlt:0.357,accelVel:-0.037,baroAlt:0.510,deviation:0.153;

23:15:15.226 > >alt:0.365,vel:-0.025,accelAlt:0.364,accelVel:-0.026,baroAlt:0.378,deviation:0.014;

23:15:15.230 > >alt:0.365,vel:-0.030,accelAlt:0.365,accelVel:-0.031,baroAlt:0.378,deviation:0.013;

23:15:15.238 > >alt:0.366,vel:-0.032,accelAlt:0.365,accelVel:-0.034,baroAlt:0.378,deviation:0.013;

23:15:15.242 > >alt:0.372,vel:-0.024,accelAlt:0.366,accelVel:-0.036,baroAlt:0.486,deviation:0.120;

23:15:15.250 > >alt:0.377,vel:-0.017,accelAlt:0.372,accelVel:-0.028,baroAlt:0.486,deviation:0.115;

23:15:15.253 > >alt:0.381,vel:-0.012,accelAlt:0.377,accelVel:-0.020,baroAlt:0.449,deviation:0.072;

23:15:15.261 > >alt:0.384,vel:-0.007,accelAlt:0.381,accelVel:-0.014,baroAlt:0.449,deviation:0.069;

23:15:15.264 > >alt:0.387,vel:-0.002,accelAlt:0.384,accelVel:-0.008,baroAlt:0.449,deviation:0.065;

23:15:15.272 > >alt:0.384,vel:-0.010,accelAlt:0.387,accelVel:-0.003,baroAlt:0.314,deviation:-0.073;

23:15:15.278 > >alt:0.380,vel:-0.018,accelAlt:0.384,accelVel:-0.011,baroAlt:0.314,deviation:-0.069;

23:15:15.284 > >alt:0.380,vel:-0.019,accelAlt:0.380,accelVel:-0.019,baroAlt:0.386,deviation:0.006;

23:15:15.289 > >alt:0.380,vel:-0.021,accelAlt:0.380,accelVel:-0.022,baroAlt:0.386,deviation:0.006;

23:15:15.296 > >alt:0.380,vel:-0.025,accelAlt:0.380,accelVel:-0.024,baroAlt:0.370,deviation:-0.010;

23:15:15.301 > >alt:0.379,vel:-0.030,accelAlt:0.380,accelVel:-0.029,baroAlt:0.370,deviation:-0.010;

23:15:15.305 > >alt:0.378,vel:-0.034,accelAlt:0.379,accelVel:-0.033,baroAlt:0.370,deviation:-0.009;

23:15:15.308 > >alt:0.382,vel:-0.029,accelAlt:0.378,accelVel:-0.038,baroAlt:0.460,deviation:0.082;

23:15:15.317 > >alt:0.386,vel:-0.026,accelAlt:0.382,accelVel:-0.034,baroAlt:0.460,deviation:0.078;

23:15:15.320 > >alt:0.378,vel:-0.044,accelAlt:0.386,accelVel:-0.029,baroAlt:0.238,deviation:-0.148;

23:15:15.329 > >alt:0.371,vel:-0.062,accelAlt:0.378,accelVel:-0.048,baroAlt:0.238,deviation:-0.140;

23:15:15.335 > >alt:0.362,vel:-0.083,accelAlt:0.371,accelVel:-0.065,baroAlt:0.190,deviation:-0.181;

23:15:15.340 > >alt:0.353,vel:-0.104,accelAlt:0.361,accelVel:-0.087,baroAlt:0.190,deviation:-0.171;

23:15:15.345 > >alt:0.344,vel:-0.123,accelAlt:0.352,accelVel:-0.107,baroAlt:0.190,deviation:-0.162;

23:15:15.352 > >alt:0.351,vel:-0.111,accelAlt:0.343,accelVel:-0.126,baroAlt:0.494,deviation:0.151;

23:15:15.356 > >alt:0.357,vel:-0.101,accelAlt:0.350,accelVel:-0.115,baroAlt:0.494,deviation:0.144;

23:15:15.362 > >alt:0.371,vel:-0.076,accelAlt:0.357,accelVel:-0.104,baroAlt:0.637,deviation:0.280;

23:15:15.367 > >alt:0.384,vel:-0.055,accelAlt:0.370,accelVel:-0.081,baroAlt:0.637,deviation:0.267;

23:15:15.375 > >alt:0.396,vel:-0.033,accelAlt:0.383,accelVel:-0.059,baroAlt:0.637,deviation:0.254;

23:15:15.388 > >alt:0.397,vel:-0.035,accelAlt:0.396,accelVel:-0.038,baroAlt:0.423,deviation:0.027;

23:15:15.388 > >alt:0.398,vel:-0.039,accelAlt:0.397,accelVel:-0.042,baroAlt:0.423,deviation:0.026;

23:15:15.391 > >alt:0.396,vel:-0.047,accelAlt:0.398,accelVel:-0.044,baroAlt:0.367,deviation:-0.031;

23:15:15.425 > >alt:0.394,vel:-0.057,accelAlt:0.396,accelVel:-0.054,baroAlt:0.367,deviation:-0.029;

23:15:15.425 > >alt:0.386,vel:-0.077,accelAlt:0.394,accelVel:-0.062,baroAlt:0.240,deviation:-0.154;

23:15:15.425 > >alt:0.379,vel:-0.098,accelAlt:0.386,accelVel:-0.084,baroAlt:0.240,deviation:-0.145;

23:15:15.425 > >alt:0.371,vel:-0.117,accelAlt:0.378,accelVel:-0.104,baroAlt:0.240,deviation:-0.138;

23:15:15.425 > >alt:0.354,vel:-0.156,accelAlt:0.371,accelVel:-0.122,baroAlt:0.034,deviation:-0.336;

23:15:15.425 > >alt:0.337,vel:-0.194,accelAlt:0.353,accelVel:-0.162,baroAlt:0.034,deviation:-0.318;

23:15:15.431 > >alt:0.324,vel:-0.222,accelAlt:0.336,accelVel:-0.199,baroAlt:0.103,deviation:-0.233;

23:15:15.445 > >alt:0.312,vel:-0.250,accelAlt:0.323,accelVel:-0.228,baroAlt:0.103,deviation:-0.220;

23:15:15.445 > >alt:0.313,vel:-0.250,accelAlt:0.310,accelVel:-0.255,baroAlt:0.365,deviation:0.054;

23:15:15.447 > >alt:0.314,vel:-0.251,accelAlt:0.311,accelVel:-0.257,baroAlt:0.365,deviation:0.053;

23:15:15.461 > >alt:0.315,vel:-0.251,accelAlt:0.313,accelVel:-0.257,baroAlt:0.365,deviation:0.052;

23:15:15.461 > >alt:0.320,vel:-0.246,accelAlt:0.314,accelVel:-0.257,baroAlt:0.431,deviation:0.117;

23:15:15.464 > >alt:0.324,vel:-0.242,accelAlt:0.318,accelVel:-0.253,baroAlt:0.431,deviation:0.113;

23:15:15.470 > >alt:0.309,vel:-0.275,accelAlt:0.322,accelVel:-0.248,baroAlt:0.050,deviation:-0.272;

23:15:15.474 > >alt:0.294,vel:-0.309,accelAlt:0.307,accelVel:-0.283,baroAlt:0.050,deviation:-0.257;

23:15:15.481 > >alt:0.299,vel:-0.303,accelAlt:0.292,accelVel:-0.316,baroAlt:0.417,deviation:0.125;

23:15:15.485 > >alt:0.303,vel:-0.300,accelAlt:0.297,accelVel:-0.312,baroAlt:0.417,deviation:0.121;

23:15:15.485 > >alt:0.307,vel:-0.296,accelAlt:0.301,accelVel:-0.308,baroAlt:0.417,deviation:0.116;

23:15:15.498 > >alt:0.301,vel:-0.312,accelAlt:0.305,accelVel:-0.304,baroAlt:0.219,deviation:-0.086;

23:15:15.502 > >alt:0.295,vel:-0.331,accelAlt:0.299,accelVel:-0.323,baroAlt:0.219,deviation:-0.080;

23:15:15.510 > >alt:0.302,vel:-0.322,accelAlt:0.293,accelVel:-0.340,baroAlt:0.476,deviation:0.182;

23:15:15.514 > >alt:0.309,vel:-0.315,accelAlt:0.300,accelVel:-0.333,baroAlt:0.476,deviation:0.176;

23:15:15.520 > >alt:0.316,vel:-0.306,accelAlt:0.307,accelVel:-0.323,baroAlt:0.476,deviation:0.168;

23:15:15.524 > >alt:0.322,vel:-0.297,accelAlt:0.314,accelVel:-0.314,baroAlt:0.478,deviation:0.164;

23:15:15.532 > >alt:0.328,vel:-0.291,accelAlt:0.320,accelVel:-0.306,baroAlt:0.478,deviation:0.158;

23:15:15.537 > >alt:0.334,vel:-0.282,accelAlt:0.327,accelVel:-0.298,baroAlt:0.484,deviation:0.157;

23:15:15.543 > >alt:0.340,vel:-0.276,accelAlt:0.332,accelVel:-0.291,baroAlt:0.484,deviation:0.151;

23:15:15.550 > >alt:0.343,vel:-0.274,accelAlt:0.339,accelVel:-0.283,baroAlt:0.433,deviation:0.095;

23:15:15.555 > >alt:0.346,vel:-0.274,accelAlt:0.341,accelVel:-0.283,baroAlt:0.433,deviation:0.092;

23:15:15.558 > >alt:0.349,vel:-0.272,accelAlt:0.345,accelVel:-0.281,baroAlt:0.433,deviation:0.089;

23:15:15.566 > >alt:0.342,vel:-0.291,accelAlt:0.348,accelVel:-0.280,baroAlt:0.230,deviation:-0.118;

23:15:15.570 > >alt:0.334,vel:-0.312,accelAlt:0.340,accelVel:-0.301,baroAlt:0.230,deviation:-0.110;

23:15:15.578 > >alt:0.331,vel:-0.322,accelAlt:0.333,accelVel:-0.320,baroAlt:0.309,deviation:-0.023;

23:15:15.580 > >alt:0.328,vel:-0.333,accelAlt:0.329,accelVel:-0.331,baroAlt:0.309,deviation:-0.020;

23:15:15.590 > >alt:0.319,vel:-0.354,accelAlt:0.326,accelVel:-0.340,baroAlt:0.182,deviation:-0.144;

23:15:15.595 > >alt:0.310,vel:-0.376,accelAlt:0.317,accelVel:-0.363,baroAlt:0.182,deviation:-0.134;

23:15:15.598 > >alt:0.302,vel:-0.395,accelAlt:0.308,accelVel:-0.383,baroAlt:0.182,deviation:-0.126;

23:15:15.606 > >alt:0.283,vel:-0.435,accelAlt:0.300,accelVel:-0.402,baroAlt:-0.032,deviation:-0.331;

23:15:15.611 > >alt:0.265,vel:-0.473,accelAlt:0.280,accelVel:-0.442,baroAlt:-0.032,deviation:-0.312;

23:15:15.618 > >alt:0.264,vel:-0.474,accelAlt:0.262,accelVel:-0.478,baroAlt:0.301,deviation:0.039;

23:15:15.623 > >alt:0.263,vel:-0.474,accelAlt:0.261,accelVel:-0.478,baroAlt:0.301,deviation:0.040;

23:15:15.628 > >alt:0.263,vel:-0.473,accelAlt:0.261,accelVel:-0.477,baroAlt:0.301,deviation:0.041;

23:15:15.634 > >alt:0.263,vel:-0.470,accelAlt:0.260,accelVel:-0.476,baroAlt:0.325,deviation:0.065;

23:15:15.639 > >alt:0.264,vel:-0.465,accelAlt:0.260,accelVel:-0.472,baroAlt:0.325,deviation:0.065;

23:15:15.641 > >alt:0.255,vel:-0.479,accelAlt:0.261,accelVel:-0.467,baroAlt:0.140,deviation:-0.121;

23:15:15.651 > >alt:0.246,vel:-0.490,accelAlt:0.252,accelVel:-0.479,baroAlt:0.140,deviation:-0.112;

23:15:15.654 > >alt:0.260,vel:-0.459,accelAlt:0.244,accelVel:-0.490,baroAlt:0.558,deviation:0.314;

23:15:15.662 > >alt:0.272,vel:-0.427,accelAlt:0.257,accelVel:-0.457,baroAlt:0.558,deviation:0.301;

23:15:15.667 > >alt:0.284,vel:-0.397,accelAlt:0.270,accelVel:-0.426,baroAlt:0.558,deviation:0.288;

23:15:15.674 > >alt:0.277,vel:-0.405,accelAlt:0.282,accelVel:-0.394,baroAlt:0.177,deviation:-0.105;

23:15:15.676 > >alt:0.269,vel:-0.412,accelAlt:0.274,accelVel:-0.403,baroAlt:0.177,deviation:-0.097;

23:15:15.685 > >alt:0.280,vel:-0.384,accelAlt:0.267,accelVel:-0.410,baroAlt:0.531,deviation:0.264;

23:15:15.690 > >alt:0.290,vel:-0.358,accelAlt:0.278,accelVel:-0.383,baroAlt:0.531,deviation:0.253;

23:15:15.696 > >alt:0.276,vel:-0.382,accelAlt:0.289,accelVel:-0.357,baroAlt:0.042,deviation:-0.246;

23:15:15.701 > >alt:0.262,vel:-0.404,accelAlt:0.274,accelVel:-0.381,baroAlt:0.042,deviation:-0.232;

23:15:15.705 > >alt:0.249,vel:-0.425,accelAlt:0.260,accelVel:-0.404,baroAlt:0.042,deviation:-0.218;

23:15:15.714 > >alt:0.251,vel:-0.419,accelAlt:0.247,accelVel:-0.426,baroAlt:0.320,deviation:0.073;

23:15:15.718 > >alt:0.252,vel:-0.414,accelAlt:0.248,accelVel:-0.421,baroAlt:0.320,deviation:0.072;

23:15:15.725 > >alt:0.261,vel:-0.393,accelAlt:0.250,accelVel:-0.415,baroAlt:0.473,deviation:0.223;

23:15:15.730 > >alt:0.269,vel:-0.374,accelAlt:0.258,accelVel:-0.396,baroAlt:0.473,deviation:0.215;

23:15:15.735 > >alt:0.277,vel:-0.356,accelAlt:0.267,accelVel:-0.376,baroAlt:0.473,deviation:0.206;

23:15:15.741 > >alt:0.261,vel:-0.387,accelAlt:0.275,accelVel:-0.358,baroAlt:-0.016,deviation:-0.291;

23:15:15.742 > >alt:0.245,vel:-0.417,accelAlt:0.258,accelVel:-0.390,baroAlt:-0.016,deviation:-0.274;

23:15:15.753 > >alt:0.250,vel:-0.404,accelAlt:0.242,accelVel:-0.419,baroAlt:0.396,deviation:0.154;

23:15:15.758 > >alt:0.255,vel:-0.389,accelAlt:0.247,accelVel:-0.404,baroAlt:0.396,deviation:0.149;

23:15:15.764 > >alt:0.255,vel:-0.385,accelAlt:0.253,accelVel:-0.390,baroAlt:0.299,deviation:0.046;

23:15:15.768 > >alt:0.255,vel:-0.380,accelAlt:0.253,accelVel:-0.385,baroAlt:0.299,deviation:0.046;

23:15:15.768 > >alt:0.255,vel:-0.375,accelAlt:0.253,accelVel:-0.380,baroAlt:0.299,deviation:0.046;

23:15:15.781 > >alt:0.247,vel:-0.385,accelAlt:0.253,accelVel:-0.373,baroAlt:0.135,deviation:-0.119;

23:15:15.786 > >alt:0.239,vel:-0.394,accelAlt:0.245,accelVel:-0.383,baroAlt:0.135,deviation:-0.110;

23:15:15.793 > >alt:0.230,vel:-0.406,accelAlt:0.237,accelVel:-0.391,baroAlt:0.090,deviation:-0.148;

23:15:15.794 > >alt:0.221,vel:-0.417,accelAlt:0.227,accelVel:-0.403,baroAlt:0.090,deviation:-0.138;

23:15:15.803 > >alt:0.224,vel:-0.404,accelAlt:0.218,accelVel:-0.415,baroAlt:0.336,deviation:0.117;

23:15:15.809 > >alt:0.227,vel:-0.389,accelAlt:0.222,accelVel:-0.401,baroAlt:0.336,deviation:0.114;

23:15:15.811 > >alt:0.231,vel:-0.376,accelAlt:0.225,accelVel:-0.387,baroAlt:0.336,deviation:0.110;

23:15:15.821 > >alt:0.236,vel:-0.359,accelAlt:0.229,accelVel:-0.374,baroAlt:0.375,deviation:0.146;

23:15:15.824 > >alt:0.241,vel:-0.343,accelAlt:0.234,accelVel:-0.357,baroAlt:0.375,deviation:0.141;

23:15:15.832 > >alt:0.240,vel:-0.341,accelAlt:0.239,accelVel:-0.342,baroAlt:0.254,deviation:0.014;

23:15:15.835 > >alt:0.239,vel:-0.338,accelAlt:0.238,accelVel:-0.340,baroAlt:0.254,deviation:0.016;

23:15:15.844 > >alt:0.242,vel:-0.327,accelAlt:0.237,accelVel:-0.338,baroAlt:0.346,deviation:0.109;

23:15:15.844 > >alt:0.246,vel:-0.315,accelAlt:0.240,accelVel:-0.326,baroAlt:0.346,deviation:0.106;

23:15:15.854 > >alt:0.249,vel:-0.305,accelAlt:0.244,accelVel:-0.315,baroAlt:0.346,deviation:0.102;

23:15:15.858 > >alt:0.239,vel:-0.321,accelAlt:0.248,accelVel:-0.304,baroAlt:0.071,deviation:-0.176;

23:15:15.865 > >alt:0.228,vel:-0.336,accelAlt:0.237,accelVel:-0.320,baroAlt:0.071,deviation:-0.165;

23:15:15.868 > >alt:0.223,vel:-0.342,accelAlt:0.227,accelVel:-0.336,baroAlt:0.159,deviation:-0.068;

23:15:15.877 > >alt:0.218,vel:-0.348,accelAlt:0.221,accelVel:-0.341,baroAlt:0.159,deviation:-0.062;

23:15:15.880 > >alt:0.213,vel:-0.354,accelAlt:0.216,accelVel:-0.348,baroAlt:0.159,deviation:-0.058;

23:15:15.888 > >alt:0.213,vel:-0.351,accelAlt:0.211,accelVel:-0.354,baroAlt:0.246,deviation:0.034;

23:15:15.893 > >alt:0.213,vel:-0.349,accelAlt:0.211,accelVel:-0.352,baroAlt:0.246,deviation:0.035;

23:15:15.893 > >alt:0.214,vel:-0.344,accelAlt:0.211,accelVel:-0.350,baroAlt:0.267,deviation:0.056;

23:15:15.905 > >alt:0.214,vel:-0.340,accelAlt:0.211,accelVel:-0.345,baroAlt:0.267,deviation:0.056;

23:15:15.909 > >alt:0.227,vel:-0.312,accelAlt:0.212,accelVel:-0.341,baroAlt:0.505,deviation:0.292;

23:15:15.916 > >alt:0.239,vel:-0.285,accelAlt:0.225,accelVel:-0.313,baroAlt:0.505,deviation:0.280;

23:15:15.919 > >alt:0.251,vel:-0.259,accelAlt:0.237,accelVel:-0.286,baroAlt:0.505,deviation:0.267;

23:15:15.919 > >alt:0.245,vel:-0.271,accelAlt:0.249,accelVel:-0.261,baroAlt:0.151,deviation:-0.099;

23:15:15.933 > >alt:0.238,vel:-0.281,accelAlt:0.243,accelVel:-0.272,baroAlt:0.151,deviation:-0.092;

23:15:15.936 > >alt:0.238,vel:-0.281,accelAlt:0.237,accelVel:-0.283,baroAlt:0.254,deviation:0.017;

23:15:15.945 > >alt:0.237,vel:-0.281,accelAlt:0.236,accelVel:-0.283,baroAlt:0.254,deviation:0.018;

23:15:15.951 > >alt:0.245,vel:-0.265,accelAlt:0.235,accelVel:-0.284,baroAlt:0.431,deviation:0.196;

23:15:15.956 > >alt:0.253,vel:-0.250,accelAlt:0.243,accelVel:-0.269,baroAlt:0.431,deviation:0.188;

23:15:15.958 > >alt:0.260,vel:-0.235,accelAlt:0.251,accelVel:-0.253,baroAlt:0.431,deviation:0.179;

23:15:15.967 > >alt:0.262,vel:-0.233,accelAlt:0.259,accelVel:-0.238,baroAlt:0.314,deviation:0.055;

23:15:15.969 > >alt:0.263,vel:-0.230,accelAlt:0.260,accelVel:-0.236,baroAlt:0.314,deviation:0.054;

23:15:15.980 > >alt:0.247,vel:-0.261,accelAlt:0.262,accelVel:-0.232,baroAlt:-0.026,deviation:-0.288;

23:15:15.984 > >alt:0.232,vel:-0.290,accelAlt:0.246,accelVel:-0.263,baroAlt:-0.026,deviation:-0.272;

23:15:15.989 > >alt:0.218,vel:-0.317,accelAlt:0.231,accelVel:-0.291,baroAlt:-0.026,deviation:-0.257;

23:15:15.991 > >alt:0.217,vel:-0.317,accelAlt:0.216,accelVel:-0.318,baroAlt:0.227,deviation:0.011;

23:15:16.001 > >alt:0.215,vel:-0.316,accelAlt:0.215,accelVel:-0.318,baroAlt:0.227,deviation:0.013;

23:15:16.004 > >alt:0.215,vel:-0.314,accelAlt:0.214,accelVel:-0.317,baroAlt:0.246,deviation:0.032;

23:15:16.012 > >alt:0.215,vel:-0.312,accelAlt:0.213,accelVel:-0.316,baroAlt:0.246,deviation:0.033;

23:15:16.019 > >alt:0.213,vel:-0.315,accelAlt:0.213,accelVel:-0.314,baroAlt:0.201,deviation:-0.012;

23:15:16.024 > >alt:0.210,vel:-0.317,accelAlt:0.210,accelVel:-0.316,baroAlt:0.201,deviation:-0.010;

23:15:16.029 > >alt:0.208,vel:-0.318,accelAlt:0.208,accelVel:-0.317,baroAlt:0.201,deviation:-0.008;

23:15:16.035 > >alt:0.208,vel:-0.314,accelAlt:0.206,accelVel:-0.318,baroAlt:0.246,deviation:0.039;

23:15:16.040 > >alt:0.208,vel:-0.309,accelAlt:0.206,accelVel:-0.313,baroAlt:0.246,deviation:0.039;

23:15:16.042 > >alt:0.189,vel:-0.343,accelAlt:0.207,accelVel:-0.308,baroAlt:-0.148,deviation:-0.355;

23:15:16.052 > >alt:0.170,vel:-0.374,accelAlt:0.187,accelVel:-0.340,baroAlt:-0.148,deviation:-0.335;

23:15:16.058 > >alt:0.171,vel:-0.366,accelAlt:0.168,accelVel:-0.371,baroAlt:0.219,deviation:0.051;

23:15:16.059 > >alt:0.171,vel:-0.356,accelAlt:0.168,accelVel:-0.361,baroAlt:0.219,deviation:0.051;

23:15:16.068 > >alt:0.172,vel:-0.349,accelAlt:0.169,accelVel:-0.354,baroAlt:0.219,deviation:0.050;

23:15:16.071 > >alt:0.168,vel:-0.351,accelAlt:0.170,accelVel:-0.346,baroAlt:0.127,deviation:-0.043;

23:15:16.080 > >alt:0.163,vel:-0.353,accelAlt:0.165,accelVel:-0.349,baroAlt:0.127,deviation:-0.039;

23:15:16.085 > >alt:0.149,vel:-0.378,accelAlt:0.162,accelVel:-0.352,baroAlt:-0.095,deviation:-0.257;

23:15:16.091 > >alt:0.134,vel:-0.403,accelAlt:0.146,accelVel:-0.378,baroAlt:-0.095,deviation:-0.241;

23:15:16.093 > >alt:0.121,vel:-0.426,accelAlt:0.132,accelVel:-0.403,baroAlt:-0.095,deviation:-0.227;

23:15:16.103 > >alt:0.126,vel:-0.412,accelAlt:0.119,accelVel:-0.426,baroAlt:0.264,deviation:0.146;

23:15:16.108 > >alt:0.130,vel:-0.397,accelAlt:0.123,accelVel:-0.411,baroAlt:0.264,deviation:0.141;

23:15:16.110 > >alt:0.130,vel:-0.394,accelAlt:0.128,accelVel:-0.396,baroAlt:0.156,deviation:0.028;

23:15:16.119 > >alt:0.129,vel:-0.390,accelAlt:0.127,accelVel:-0.393,baroAlt:0.156,deviation:0.029;

23:15:16.123 > >alt:0.120,vel:-0.403,accelAlt:0.127,accelVel:-0.389,baroAlt:-0.011,deviation:-0.137;

23:15:16.131 > >alt:0.111,vel:-0.416,accelAlt:0.117,accelVel:-0.403,baroAlt:-0.011,deviation:-0.128;

23:15:16.136 > >alt:0.103,vel:-0.428,accelAlt:0.109,accelVel:-0.416,baroAlt:-0.011,deviation:-0.119;

23:15:16.136 > >alt:0.109,vel:-0.412,accelAlt:0.100,accelVel:-0.429,baroAlt:0.270,deviation:0.169;

23:15:16.148 > >alt:0.114,vel:-0.397,accelAlt:0.106,accelVel:-0.413,baroAlt:0.270,deviation:0.163;

23:15:16.154 > >alt:0.110,vel:-0.402,accelAlt:0.112,accelVel:-0.398,baroAlt:0.069,deviation:-0.044;

23:15:16.159 > >alt:0.106,vel:-0.405,accelAlt:0.107,accelVel:-0.401,baroAlt:0.069,deviation:-0.039;

23:15:16.162 > >alt:0.119,vel:-0.373,accelAlt:0.103,accelVel:-0.404,baroAlt:0.412,deviation:0.309;

23:15:16.171 > >alt:0.131,vel:-0.340,accelAlt:0.116,accelVel:-0.370,baroAlt:0.412,deviation:0.296;

23:15:16.175 > >alt:0.144,vel:-0.309,accelAlt:0.130,accelVel:-0.338,baroAlt:0.412,deviation:0.283;

23:15:16.182 > >alt:0.130,vel:-0.331,accelAlt:0.142,accelVel:-0.307,baroAlt:-0.106,deviation:-0.248;

23:15:16.186 > >alt:0.116,vel:-0.351,accelAlt:0.128,accelVel:-0.328,baroAlt:-0.106,deviation:-0.233;

23:15:16.186 > >alt:0.105,vel:-0.366,accelAlt:0.114,accelVel:-0.348,baroAlt:-0.069,deviation:-0.183;

23:15:16.199 > >alt:0.094,vel:-0.378,accelAlt:0.103,accelVel:-0.361,baroAlt:-0.069,deviation:-0.171;

23:15:16.203 > >alt:0.086,vel:-0.386,accelAlt:0.092,accelVel:-0.374,baroAlt:-0.032,deviation:-0.124;

23:15:16.211 > >alt:0.078,vel:-0.393,accelAlt:0.084,accelVel:-0.382,baroAlt:-0.032,deviation:-0.115;

23:15:16.214 > >alt:0.070,vel:-0.401,accelAlt:0.076,accelVel:-0.390,baroAlt:-0.032,deviation:-0.108;

23:15:16.222 > >alt:0.047,vel:-0.442,accelAlt:0.068,accelVel:-0.400,baroAlt:-0.354,deviation:-0.423;

23:15:16.223 > >alt:0.025,vel:-0.480,accelAlt:0.044,accelVel:-0.440,baroAlt:-0.354,deviation:-0.398;

23:15:16.234 > >alt:0.023,vel:-0.478,accelAlt:0.022,accelVel:-0.481,baroAlt:0.050,deviation:0.028;

23:15:16.238 > >alt:0.022,vel:-0.480,accelAlt:0.020,accelVel:-0.483,baroAlt:0.050,deviation:0.030;

23:15:16.241 > >alt:0.021,vel:-0.480,accelAlt:0.019,accelVel:-0.483,baroAlt:0.050,deviation:0.031;

23:15:16.251 > >alt:0.021,vel:-0.479,accelAlt:0.018,accelVel:-0.485,baroAlt:0.077,deviation:0.058;

23:15:16.255 > >alt:0.021,vel:-0.479,accelAlt:0.018,accelVel:-0.485,baroAlt:0.077,deviation:0.059;

23:15:16.256 > >alt:0.023,vel:-0.475,accelAlt:0.019,accelVel:-0.483,baroAlt:0.103,deviation:0.084;

23:15:16.266 > >alt:0.024,vel:-0.471,accelAlt:0.020,accelVel:-0.479,baroAlt:0.103,deviation:0.083;

23:15:16.270 > >alt:0.027,vel:-0.461,accelAlt:0.021,accelVel:-0.473,baroAlt:0.140,deviation:0.119;

23:15:16.278 > >alt:0.030,vel:-0.450,accelAlt:0.024,accelVel:-0.462,baroAlt:0.140,deviation:0.116;

23:15:16.282 > >alt:0.033,vel:-0.440,accelAlt:0.028,accelVel:-0.451,baroAlt:0.140,deviation:0.112;

23:15:16.290 > >alt:0.040,vel:-0.420,accelAlt:0.031,accelVel:-0.438,baroAlt:0.211,deviation:0.180;

23:15:16.295 > >alt:0.046,vel:-0.401,accelAlt:0.037,accelVel:-0.418,baroAlt:0.211,deviation:0.174;

23:15:16.301 > >alt:0.043,vel:-0.401,accelAlt:0.044,accelVel:-0.398,baroAlt:0.016,deviation:-0.028;

23:15:16.306 > >alt:0.039,vel:-0.399,accelAlt:0.040,accelVel:-0.397,baroAlt:0.016,deviation:-0.024;

23:15:16.312 > >alt:0.034,vel:-0.402,accelAlt:0.037,accelVel:-0.396,baroAlt:-0.021,deviation:-0.058;

23:15:16.318 > >alt:0.029,vel:-0.404,accelAlt:0.031,accelVel:-0.398,baroAlt:-0.021,deviation:-0.053;

23:15:16.323 > >alt:0.024,vel:-0.406,accelAlt:0.027,accelVel:-0.401,baroAlt:-0.021,deviation:-0.048;

23:15:16.326 > >alt:0.020,vel:-0.409,accelAlt:0.022,accelVel:-0.404,baroAlt:-0.026,deviation:-0.049;

23:15:16.335 > >alt:0.015,vel:-0.410,accelAlt:0.017,accelVel:-0.406,baroAlt:-0.026,deviation:-0.044;

23:15:16.337 > >alt:0.023,vel:-0.389,accelAlt:0.013,accelVel:-0.409,baroAlt:0.211,deviation:0.198;

23:15:16.346 > >alt:0.030,vel:-0.369,accelAlt:0.020,accelVel:-0.388,baroAlt:0.211,deviation:0.191;

23:15:16.350 > >alt:0.037,vel:-0.350,accelAlt:0.028,accelVel:-0.369,baroAlt:0.211,deviation:0.183;

23:15:16.357 > >alt:0.038,vel:-0.346,accelAlt:0.035,accelVel:-0.350,baroAlt:0.077,deviation:0.041;

23:15:16.358 > >alt:0.037,vel:-0.342,accelAlt:0.035,accelVel:-0.347,baroAlt:0.077,deviation:0.041;

23:15:16.368 > >alt:0.034,vel:-0.347,accelAlt:0.036,accelVel:-0.343,baroAlt:-0.005,deviation:-0.041;

23:15:16.374 > >alt:0.029,vel:-0.351,accelAlt:0.031,accelVel:-0.347,baroAlt:-0.005,deviation:-0.037;

23:15:16.380 > >alt:0.030,vel:-0.345,accelAlt:0.028,accelVel:-0.350,baroAlt:0.077,deviation:0.049;

23:15:16.385 > >alt:0.030,vel:-0.339,accelAlt:0.028,accelVel:-0.344,baroAlt:0.077,deviation:0.049;

23:15:16.388 > >alt:0.031,vel:-0.333,accelAlt:0.029,accelVel:-0.337,baroAlt:0.077,deviation:0.048;

23:15:16.396 > >alt:0.027,vel:-0.337,accelAlt:0.029,accelVel:-0.331,baroAlt:-0.026,deviation:-0.056;

23:15:16.402 > >alt:0.022,vel:-0.340,accelAlt:0.024,accelVel:-0.335,baroAlt:-0.026,deviation:-0.051;

23:15:16.404 > >alt:0.018,vel:-0.342,accelAlt:0.020,accelVel:-0.338,baroAlt:-0.021,deviation:-0.041;

23:15:16.413 > >alt:0.014,vel:-0.344,accelAlt:0.016,accelVel:-0.340,baroAlt:-0.021,deviation:-0.037;

23:15:16.419 > >alt:0.018,vel:-0.330,accelAlt:0.012,accelVel:-0.342,baroAlt:0.137,deviation:0.125;

23:15:16.425 > >alt:0.022,vel:-0.315,accelAlt:0.016,accelVel:-0.327,baroAlt:0.137,deviation:0.121;

23:15:16.430 > >alt:0.027,vel:-0.301,accelAlt:0.021,accelVel:-0.313,baroAlt:0.137,deviation:0.117;

23:15:16.436 > >alt:0.012,vel:-0.324,accelAlt:0.025,accelVel:-0.299,baroAlt:-0.227,deviation:-0.252;

23:15:16.436 > >alt:-0.001,vel:-0.346,accelAlt:0.010,accelVel:-0.322,baroAlt:-0.227,deviation:-0.238;

23:15:16.448 > >alt:0.017,vel:-0.303,accelAlt:-0.003,accelVel:-0.344,baroAlt:0.399,deviation:0.402;

23:15:16.452 > >alt:0.034,vel:-0.263,accelAlt:0.015,accelVel:-0.302,baroAlt:0.399,deviation:0.384;

23:15:16.452 > >alt:0.051,vel:-0.226,accelAlt:0.033,accelVel:-0.262,baroAlt:0.399,deviation:0.366;

23:15:16.465 > >alt:0.043,vel:-0.239,accelAlt:0.050,accelVel:-0.225,baroAlt:-0.095,deviation:-0.145;

23:15:16.469 > >alt:0.034,vel:-0.253,accelAlt:0.041,accelVel:-0.239,baroAlt:-0.095,deviation:-0.136;

23:15:16.476 > >alt:0.035,vel:-0.249,accelAlt:0.033,accelVel:-0.252,baroAlt:0.066,deviation:0.033;

23:15:16.480 > >alt:0.035,vel:-0.245,accelAlt:0.033,accelVel:-0.249,baroAlt:0.066,deviation:0.033;

23:15:16.488 > >alt:0.025,vel:-0.261,accelAlt:0.034,accelVel:-0.245,baroAlt:-0.132,deviation:-0.166;

23:15:16.493 > >alt:0.016,vel:-0.275,accelAlt:0.024,accelVel:-0.260,baroAlt:-0.132,deviation:-0.156;

23:15:16.495 > >alt:0.007,vel:-0.288,accelAlt:0.014,accelVel:-0.274,baroAlt:-0.132,deviation:-0.146;

23:15:16.504 > >alt:0.003,vel:-0.292,accelAlt:0.006,accelVel:-0.286,baroAlt:-0.053,deviation:-0.058;

23:15:16.509 > >alt:-0.002,vel:-0.293,accelAlt:0.001,accelVel:-0.288,baroAlt:-0.053,deviation:-0.054;

23:15:16.516 > >alt:-0.016,vel:-0.316,accelAlt:-0.003,accelVel:-0.290,baroAlt:-0.264,deviation:-0.261;

23:15:16.520 > >alt:-0.031,vel:-0.336,accelAlt:-0.018,accelVel:-0.311,baroAlt:-0.264,deviation:-0.246;

23:15:16.520 > >alt:-0.022,vel:-0.312,accelAlt:-0.032,accelVel:-0.332,baroAlt:0.166,deviation:0.199;

23:15:16.532 > >alt:-0.015,vel:-0.289,accelAlt:-0.024,accelVel:-0.308,baroAlt:0.166,deviation:0.191;

23:15:16.537 > >alt:-0.007,vel:-0.268,accelAlt:-0.016,accelVel:-0.286,baroAlt:0.166,deviation:0.183;

23:15:16.542 > >alt:-0.001,vel:-0.251,accelAlt:-0.009,accelVel:-0.266,baroAlt:0.137,deviation:0.146;

23:15:16.549 > >alt:0.004,vel:-0.235,accelAlt:-0.003,accelVel:-0.249,baroAlt:0.137,deviation:0.140;

23:15:16.553 > >alt:0.002,vel:-0.235,accelAlt:0.003,accelVel:-0.233,baroAlt:-0.011,deviation:-0.014;

23:15:16.560 > >alt:0.000,vel:-0.235,accelAlt:0.001,accelVel:-0.234,baroAlt:-0.011,deviation:-0.011;

23:15:16.563 > >alt:-0.001,vel:-0.235,accelAlt:-0.001,accelVel:-0.234,baroAlt:-0.011,deviation:-0.010;

23:15:16.572 > >alt:-0.009,vel:-0.248,accelAlt:-0.003,accelVel:-0.235,baroAlt:-0.137,deviation:-0.135;

23:15:16.573 > >alt:-0.017,vel:-0.261,accelAlt:-0.011,accelVel:-0.249,baroAlt:-0.137,deviation:-0.126;

23:15:16.583 > >alt:-0.023,vel:-0.271,accelAlt:-0.019,accelVel:-0.262,baroAlt:-0.106,deviation:-0.087;

23:15:16.588 > >alt:-0.029,vel:-0.282,accelAlt:-0.025,accelVel:-0.274,baroAlt:-0.106,deviation:-0.081;

23:15:16.588 > >alt:-0.023,vel:-0.270,accelAlt:-0.030,accelVel:-0.284,baroAlt:0.114,deviation:0.144;

23:15:16.600 > >alt:-0.018,vel:-0.260,accelAlt:-0.025,accelVel:-0.273,baroAlt:0.114,deviation:0.139;

23:15:16.603 > >alt:-0.013,vel:-0.249,accelAlt:-0.019,accelVel:-0.262,baroAlt:0.114,deviation:0.133;

23:15:16.603 > >alt:-0.008,vel:-0.240,accelAlt:-0.014,accelVel:-0.251,baroAlt:0.095,deviation:0.109;

23:15:16.616 > >alt:-0.005,vel:-0.233,accelAlt:-0.010,accelVel:-0.243,baroAlt:0.095,deviation:0.105;

23:15:16.619 > >alt:-0.008,vel:-0.239,accelAlt:-0.006,accelVel:-0.235,baroAlt:-0.042,deviation:-0.036;

23:15:16.628 > >alt:-0.011,vel:-0.245,accelAlt:-0.009,accelVel:-0.242,baroAlt:-0.042,deviation:-0.033;

23:15:16.634 > >alt:0.002,vel:-0.218,accelAlt:-0.012,accelVel:-0.247,baroAlt:0.277,deviation:0.290;

23:15:16.639 > >alt:0.015,vel:-0.191,accelAlt:0.001,accelVel:-0.218,baroAlt:0.277,deviation:0.277;

23:15:16.644 > >alt:0.027,vel:-0.165,accelAlt:0.014,accelVel:-0.191,baroAlt:0.277,deviation:0.264;

23:15:16.651 > >alt:0.032,vel:-0.152,accelAlt:0.026,accelVel:-0.164,baroAlt:0.140,deviation:0.114;

23:15:16.655 > >alt:0.036,vel:-0.140,accelAlt:0.031,accelVel:-0.151,baroAlt:0.140,deviation:0.109;

23:15:16.662 > >alt:0.017,vel:-0.176,accelAlt:0.035,accelVel:-0.140,baroAlt:-0.333,deviation:-0.368;

23:15:16.667 > >alt:-0.002,vel:-0.210,accelAlt:0.016,accelVel:-0.175,baroAlt:-0.333,deviation:-0.349;

23:15:16.672 > >alt:-0.019,vel:-0.242,accelAlt:-0.003,accelVel:-0.209,baroAlt:-0.333,deviation:-0.330;

23:15:16.674 > >alt:-0.015,vel:-0.231,accelAlt:-0.020,accelVel:-0.241,baroAlt:0.079,deviation:0.100;

23:15:16.683 > >alt:-0.012,vel:-0.219,accelAlt:-0.017,accelVel:-0.228,baroAlt:0.079,deviation:0.096;

23:15:16.687 > >alt:-0.016,vel:-0.223,accelAlt:-0.013,accelVel:-0.217,baroAlt:-0.079,deviation:-0.066;

23:15:16.695 > >alt:-0.021,vel:-0.226,accelAlt:-0.018,accelVel:-0.220,baroAlt:-0.079,deviation:-0.061;

23:15:16.702 > >alt:-0.024,vel:-0.228,accelAlt:-0.022,accelVel:-0.225,baroAlt:-0.058,deviation:-0.036;

23:15:16.707 > >alt:-0.027,vel:-0.229,accelAlt:-0.025,accelVel:-0.226,baroAlt:-0.058,deviation:-0.033;

23:15:16.711 > >alt:-0.030,vel:-0.231,accelAlt:-0.028,accelVel:-0.228,baroAlt:-0.058,deviation:-0.030;

23:15:16.719 > >alt:-0.044,vel:-0.258,accelAlt:-0.031,accelVel:-0.231,baroAlt:-0.301,deviation:-0.270;

23:15:16.723 > >alt:-0.059,vel:-0.285,accelAlt:-0.046,accelVel:-0.259,baroAlt:-0.301,deviation:-0.255;

23:15:16.730 > >alt:-0.052,vel:-0.269,accelAlt:-0.060,accelVel:-0.285,baroAlt:0.100,deviation:0.161;

23:15:16.735 > >alt:-0.046,vel:-0.254,accelAlt:-0.054,accelVel:-0.269,baroAlt:0.100,deviation:0.154;

23:15:16.735 > >alt:-0.055,vel:-0.268,accelAlt:-0.048,accelVel:-0.252,baroAlt:-0.201,deviation:-0.153;

23:15:16.747 > >alt:-0.064,vel:-0.280,accelAlt:-0.057,accelVel:-0.266,baroAlt:-0.201,deviation:-0.144;

23:15:16.751 > >alt:-0.072,vel:-0.290,accelAlt:-0.066,accelVel:-0.277,baroAlt:-0.201,deviation:-0.135;

23:15:16.758 > >alt:-0.080,vel:-0.300,accelAlt:-0.074,accelVel:-0.287,baroAlt:-0.201,deviation:-0.127;

23:15:16.763 > >alt:-0.088,vel:-0.308,accelAlt:-0.082,accelVel:-0.296,baroAlt:-0.201,deviation:-0.119;

23:15:16.769 > >alt:-0.074,vel:-0.274,accelAlt:-0.090,accelVel:-0.306,baroAlt:0.227,deviation:0.317;

23:15:16.775 > >alt:-0.060,vel:-0.241,accelAlt:-0.075,accelVel:-0.271,baroAlt:0.227,deviation:0.303;

23:15:16.780 > >alt:-0.060,vel:-0.237,accelAlt:-0.062,accelVel:-0.240,baroAlt:-0.032,deviation:0.030;

23:15:16.786 > >alt:-0.060,vel:-0.233,accelAlt:-0.062,accelVel:-0.236,baroAlt:-0.032,deviation:0.030;

23:15:16.790 > >alt:-0.060,vel:-0.231,accelAlt:-0.061,accelVel:-0.234,baroAlt:-0.032,deviation:0.030;

23:15:16.797 > >alt:-0.068,vel:-0.246,accelAlt:-0.061,accelVel:-0.232,baroAlt:-0.201,deviation:-0.140;

23:15:16.802 > >alt:-0.076,vel:-0.261,accelAlt:-0.070,accelVel:-0.248,baroAlt:-0.201,deviation:-0.131;

23:15:16.804 > >alt:-0.074,vel:-0.256,accelAlt:-0.078,accelVel:-0.263,baroAlt:-0.016,deviation:0.062;

23:15:16.814 > >alt:-0.073,vel:-0.251,accelAlt:-0.076,accelVel:-0.257,baroAlt:-0.016,deviation:0.060;

23:15:16.819 > >alt:-0.071,vel:-0.245,accelAlt:-0.074,accelVel:-0.251,baroAlt:-0.016,deviation:0.059;

23:15:16.825 > >alt:-0.072,vel:-0.244,accelAlt:-0.073,accelVel:-0.245,baroAlt:-0.063,deviation:0.009;

23:15:16.830 > >alt:-0.073,vel:-0.244,accelAlt:-0.074,accelVel:-0.245,baroAlt:-0.063,deviation:0.010;

23:15:16.837 > >alt:-0.076,vel:-0.247,accelAlt:-0.075,accelVel:-0.244,baroAlt:-0.106,deviation:-0.031;

23:15:16.841 > >alt:-0.079,vel:-0.252,accelAlt:-0.078,accelVel:-0.249,baroAlt:-0.106,deviation:-0.028;

23:15:16.849 > >alt:-0.072,vel:-0.235,accelAlt:-0.080,accelVel:-0.253,baroAlt:0.095,deviation:0.176;

23:15:16.853 > >alt:-0.065,vel:-0.221,accelAlt:-0.073,accelVel:-0.238,baroAlt:0.095,deviation:0.168;

23:15:16.853 > >alt:-0.058,vel:-0.206,accelAlt:-0.066,accelVel:-0.222,baroAlt:0.095,deviation:0.161;

23:15:16.865 > >alt:-0.047,vel:-0.183,accelAlt:-0.059,accelVel:-0.206,baroAlt:0.174,deviation:0.233;

23:15:16.869 > >alt:-0.037,vel:-0.162,accelAlt:-0.048,accelVel:-0.184,baroAlt:0.174,deviation:0.223;

23:15:16.869 > >alt:-0.045,vel:-0.177,accelAlt:-0.038,accelVel:-0.162,baroAlt:-0.180,deviation:-0.142;

23:15:16.882 > >alt:-0.053,vel:-0.190,accelAlt:-0.046,accelVel:-0.177,baroAlt:-0.180,deviation:-0.133;

23:15:16.888 > >alt:-0.053,vel:-0.189,accelAlt:-0.054,accelVel:-0.191,baroAlt:-0.032,deviation:0.022;

23:15:16.893 > >alt:-0.053,vel:-0.186,accelAlt:-0.054,accelVel:-0.188,baroAlt:-0.032,deviation:0.022;

23:15:16.895 > >alt:-0.053,vel:-0.184,accelAlt:-0.054,accelVel:-0.186,baroAlt:-0.032,deviation:0.022;

23:15:16.904 > >alt:-0.038,vel:-0.152,accelAlt:-0.054,accelVel:-0.184,baroAlt:0.264,deviation:0.318;

23:15:16.908 > >alt:-0.024,vel:-0.123,accelAlt:-0.039,accelVel:-0.153,baroAlt:0.264,deviation:0.303;

23:15:16.908 > >alt:-0.023,vel:-0.121,accelAlt:-0.024,accelVel:-0.124,baroAlt:0.000,deviation:0.024;

23:15:16.921 > >alt:-0.023,vel:-0.120,accelAlt:-0.024,accelVel:-0.122,baroAlt:0.000,deviation:0.024;

23:15:16.925 > >alt:-0.022,vel:-0.118,accelAlt:-0.023,accelVel:-0.121,baroAlt:0.000,deviation:0.023;

23:15:16.933 > >alt:-0.020,vel:-0.114,accelAlt:-0.023,accelVel:-0.120,baroAlt:0.034,deviation:0.057;

23:15:16.936 > >alt:-0.018,vel:-0.110,accelAlt:-0.021,accelVel:-0.116,baroAlt:0.034,deviation:0.055;

23:15:16.936 > >alt:-0.025,vel:-0.125,accelAlt:-0.018,accelVel:-0.112,baroAlt:-0.143,deviation:-0.124;

23:15:16.949 > >alt:-0.031,vel:-0.139,accelAlt:-0.026,accelVel:-0.128,baroAlt:-0.143,deviation:-0.117;

23:15:16.953 > >alt:-0.035,vel:-0.147,accelAlt:-0.032,accelVel:-0.142,baroAlt:-0.090,deviation:-0.058;

23:15:16.961 > >alt:-0.039,vel:-0.155,accelAlt:-0.036,accelVel:-0.150,baroAlt:-0.090,deviation:-0.054;

23:15:16.964 > >alt:-0.042,vel:-0.162,accelAlt:-0.040,accelVel:-0.157,baroAlt:-0.090,deviation:-0.050;

23:15:16.971 > >alt:-0.033,vel:-0.143,accelAlt:-0.043,accelVel:-0.164,baroAlt:0.161,deviation:0.204;

23:15:16.975 > >alt:-0.024,vel:-0.126,accelAlt:-0.034,accelVel:-0.145,baroAlt:0.161,deviation:0.195;

23:15:16.984 > >alt:-0.028,vel:-0.135,accelAlt:-0.025,accelVel:-0.127,baroAlt:-0.100,deviation:-0.076;

23:15:16.989 > >alt:-0.033,vel:-0.142,accelAlt:-0.029,accelVel:-0.135,baroAlt:-0.100,deviation:-0.071;

23:15:16.989 > >alt:-0.025,vel:-0.126,accelAlt:-0.033,accelVel:-0.143,baroAlt:0.132,deviation:0.166;

23:15:16.999 > >alt:-0.018,vel:-0.110,accelAlt:-0.026,accelVel:-0.126,baroAlt:0.132,deviation:0.158;

23:15:17.004 > >alt:-0.011,vel:-0.095,accelAlt:-0.019,accelVel:-0.110,baroAlt:0.132,deviation:0.151;

23:15:17.012 > >alt:-0.014,vel:-0.100,accelAlt:-0.012,accelVel:-0.094,baroAlt:-0.069,deviation:-0.057;

23:15:17.013 > >alt:-0.018,vel:-0.104,accelAlt:-0.015,accelVel:-0.099,baroAlt:-0.069,deviation:-0.054;

23:15:17.023 > >alt:-0.027,vel:-0.120,accelAlt:-0.018,accelVel:-0.101,baroAlt:-0.201,deviation:-0.183;

23:15:17.025 > >alt:-0.037,vel:-0.125,accelAlt:-0.028,accelVel:-0.107,baroAlt:-0.201,deviation:-0.173;

23:15:17.033 > >alt:-0.045,vel:-0.132,accelAlt:-0.037,accelVel:-0.115,baroAlt:-0.201,deviation:-0.164;

23:15:17.035 > >alt:-0.040,vel:-0.108,accelAlt:-0.046,accelVel:-0.120,baroAlt:0.074,deviation:0.120;

23:15:17.044 > >alt:-0.035,vel:-0.082,accelAlt:-0.041,accelVel:-0.094,baroAlt:0.074,deviation:0.115;

23:15:17.052 > >alt:-0.047,vel:-0.099,accelAlt:-0.035,accelVel:-0.075,baroAlt:-0.270,deviation:-0.234;

23:15:17.056 > >alt:-0.059,vel:-0.111,accelAlt:-0.048,accelVel:-0.089,baroAlt:-0.270,deviation:-0.222;

23:15:17.057 > >alt:-0.060,vel:-0.108,accelAlt:-0.059,accelVel:-0.106,baroAlt:-0.085,deviation:-0.025;

23:15:17.067 > >alt:-0.062,vel:-0.104,accelAlt:-0.061,accelVel:-0.101,baroAlt:-0.085,deviation:-0.024;

23:15:17.073 > >alt:-0.064,vel:-0.103,accelAlt:-0.063,accelVel:-0.101,baroAlt:-0.085,deviation:-0.022;

23:15:17.076 > >alt:-0.056,vel:-0.085,accelAlt:-0.064,accelVel:-0.101,baroAlt:0.095,deviation:0.159;

23:15:17.084 > >alt:-0.049,vel:-0.071,accelAlt:-0.057,accelVel:-0.086,baroAlt:0.095,deviation:0.152;

23:15:17.089 > >alt:-0.053,vel:-0.080,accelAlt:-0.050,accelVel:-0.073,baroAlt:-0.116,deviation:-0.067;

23:15:17.096 > >alt:-0.057,vel:-0.090,accelAlt:-0.054,accelVel:-0.084,baroAlt:-0.116,deviation:-0.063;

23:15:17.102 > >alt:-0.046,vel:-0.070,accelAlt:-0.057,accelVel:-0.093,baroAlt:0.172,deviation:0.229;

23:15:17.107 > >alt:-0.035,vel:-0.052,accelAlt:-0.046,accelVel:-0.074,baroAlt:0.172,deviation:0.218;

23:15:17.109 > >alt:-0.025,vel:-0.036,accelAlt:-0.036,accelVel:-0.056,baroAlt:0.172,deviation:0.207;

23:15:17.119 > >alt:-0.018,vel:-0.025,accelAlt:-0.025,accelVel:-0.040,baroAlt:0.124,deviation:0.150;

23:15:17.120 > >alt:-0.011,vel:-0.016,accelAlt:-0.018,accelVel:-0.030,baroAlt:0.124,deviation:0.142;

23:15:17.130 > >alt:-0.013,vel:-0.023,accelAlt:-0.011,accelVel:-0.020,baroAlt:-0.042,deviation:-0.031;

23:15:17.135 > >alt:-0.014,vel:-0.031,accelAlt:-0.013,accelVel:-0.028,baroAlt:-0.042,deviation:-0.029;

23:15:17.140 > >alt:-0.016,vel:-0.036,accelAlt:-0.015,accelVel:-0.033,baroAlt:-0.042,deviation:-0.028;

23:15:17.142 > >alt:-0.019,vel:-0.044,accelAlt:-0.016,accelVel:-0.038,baroAlt:-0.074,deviation:-0.058;

23:15:17.151 > >alt:-0.022,vel:-0.048,accelAlt:-0.019,accelVel:-0.042,baroAlt:-0.074,deviation:-0.055;

23:15:17.155 > >alt:-0.025,vel:-0.051,accelAlt:-0.022,accelVel:-0.047,baroAlt:-0.069,deviation:-0.046;

23:15:17.163 > >alt:-0.027,vel:-0.057,accelAlt:-0.025,accelVel:-0.052,baroAlt:-0.069,deviation:-0.044;

23:15:17.168 > >alt:-0.039,vel:-0.082,accelAlt:-0.027,accelVel:-0.060,baroAlt:-0.254,deviation:-0.226;

23:15:17.175 > >alt:-0.050,vel:-0.107,accelAlt:-0.039,accelVel:-0.086,baroAlt:-0.254,deviation:-0.214;

23:15:17.180 > >alt:-0.061,vel:-0.129,accelAlt:-0.051,accelVel:-0.109,baroAlt:-0.254,deviation:-0.203;

23:15:17.186 > >alt:-0.054,vel:-0.115,accelAlt:-0.061,accelVel:-0.130,baroAlt:0.087,deviation:0.149;

23:15:17.188 > >alt:-0.048,vel:-0.102,accelAlt:-0.055,accelVel:-0.117,baroAlt:0.087,deviation:0.142;

23:15:17.198 > >alt:-0.041,vel:-0.088,accelAlt:-0.048,accelVel:-0.103,baroAlt:0.103,deviation:0.151;

23:15:17.202 > >alt:-0.034,vel:-0.075,accelAlt:-0.041,accelVel:-0.089,baroAlt:0.103,deviation:0.144;

23:15:17.204 > >alt:-0.028,vel:-0.062,accelAlt:-0.034,accelVel:-0.076,baroAlt:0.103,deviation:0.137;

23:15:17.214 > >alt:-0.032,vel:-0.071,accelAlt:-0.028,accelVel:-0.062,baroAlt:-0.111,deviation:-0.083;

23:15:17.218 > >alt:-0.036,vel:-0.080,accelAlt:-0.032,accelVel:-0.072,baroAlt:-0.111,deviation:-0.079;

23:15:17.226 > >alt:-0.051,vel:-0.110,accelAlt:-0.037,accelVel:-0.081,baroAlt:-0.328,deviation:-0.291;

23:15:17.230 > >alt:-0.066,vel:-0.140,accelAlt:-0.052,accelVel:-0.113,baroAlt:-0.328,deviation:-0.276;

23:15:17.237 > >alt:-0.070,vel:-0.150,accelAlt:-0.067,accelVel:-0.142,baroAlt:-0.143,deviation:-0.076;

23:15:17.242 > >alt:-0.075,vel:-0.161,accelAlt:-0.071,accelVel:-0.154,baroAlt:-0.143,deviation:-0.071;

23:15:17.246 > >alt:-0.079,vel:-0.170,accelAlt:-0.076,accelVel:-0.164,baroAlt:-0.143,deviation:-0.067;

23:15:17.254 > >alt:-0.081,vel:-0.176,accelAlt:-0.080,accelVel:-0.174,baroAlt:-0.095,deviation:-0.015;

23:15:17.258 > >alt:-0.083,vel:-0.185,accelAlt:-0.082,accelVel:-0.184,baroAlt:-0.095,deviation:-0.013;

23:15:17.265 > >alt:-0.081,vel:-0.185,accelAlt:-0.084,accelVel:-0.191,baroAlt:-0.026,deviation:0.057;

23:15:17.269 > >alt:-0.079,vel:-0.176,accelAlt:-0.082,accelVel:-0.182,baroAlt:-0.026,deviation:0.056;

23:15:17.269 > >alt:-0.071,vel:-0.156,accelAlt:-0.080,accelVel:-0.174,baroAlt:0.100,deviation:0.181;

23:15:17.282 > >alt:-0.063,vel:-0.122,accelAlt:-0.072,accelVel:-0.140,baroAlt:0.100,deviation:0.172;

23:15:17.286 > >alt:-0.056,vel:-0.093,accelAlt:-0.064,accelVel:-0.110,baroAlt:0.100,deviation:0.164;

23:15:17.289 > >alt:-0.058,vel:-0.092,accelAlt:-0.056,accelVel:-0.088,baroAlt:-0.095,deviation:-0.039;

23:15:17.299 > >alt:-0.060,vel:-0.098,accelAlt:-0.059,accelVel:-0.095,baroAlt:-0.095,deviation:-0.036;

23:15:17.305 > >alt:-0.069,vel:-0.117,accelAlt:-0.061,accelVel:-0.101,baroAlt:-0.222,deviation:-0.161;

23:15:17.308 > >alt:-0.077,vel:-0.134,accelAlt:-0.070,accelVel:-0.118,baroAlt:-0.222,deviation:-0.152;

23:15:17.316 > >alt:-0.090,vel:-0.159,accelAlt:-0.078,accelVel:-0.135,baroAlt:-0.322,deviation:-0.244;

23:15:17.322 > >alt:-0.103,vel:-0.178,accelAlt:-0.091,accelVel:-0.155,baroAlt:-0.322,deviation:-0.231;

23:15:17.325 > >alt:-0.115,vel:-0.196,accelAlt:-0.104,accelVel:-0.174,baroAlt:-0.322,deviation:-0.219;

23:15:17.333 > >alt:-0.109,vel:-0.179,accelAlt:-0.116,accelVel:-0.192,baroAlt:0.016,deviation:0.132;

23:15:17.336 > >alt:-0.104,vel:-0.171,accelAlt:-0.110,accelVel:-0.184,baroAlt:0.016,deviation:0.126;

23:15:17.345 > >alt:-0.091,vel:-0.147,accelAlt:-0.105,accelVel:-0.175,baroAlt:0.174,deviation:0.279;

23:15:17.346 > >alt:-0.079,vel:-0.119,accelAlt:-0.092,accelVel:-0.146,baroAlt:0.174,deviation:0.266;

23:15:17.355 > >alt:-0.066,vel:-0.093,accelAlt:-0.079,accelVel:-0.118,baroAlt:0.174,deviation:0.254;

23:15:17.359 > >alt:-0.070,vel:-0.101,accelAlt:-0.067,accelVel:-0.094,baroAlt:-0.137,deviation:-0.070;

23:15:17.367 > >alt:-0.074,vel:-0.108,accelAlt:-0.071,accelVel:-0.102,baroAlt:-0.137,deviation:-0.066;

23:15:17.369 > >alt:-0.071,vel:-0.102,accelAlt:-0.075,accelVel:-0.111,baroAlt:0.011,deviation:0.086;

23:15:17.378 > >alt:-0.067,vel:-0.096,accelAlt:-0.071,accelVel:-0.104,baroAlt:0.011,deviation:0.082;

23:15:17.385 > >alt:-0.074,vel:-0.111,accelAlt:-0.068,accelVel:-0.098,baroAlt:-0.196,deviation:-0.128;

23:15:17.389 > >alt:-0.081,vel:-0.125,accelAlt:-0.075,accelVel:-0.113,baroAlt:-0.196,deviation:-0.121;

23:15:17.394 > >alt:-0.087,vel:-0.137,accelAlt:-0.082,accelVel:-0.126,baroAlt:-0.196,deviation:-0.114;

23:15:17.401 > >alt:-0.094,vel:-0.148,accelAlt:-0.088,accelVel:-0.136,baroAlt:-0.201,deviation:-0.113;

23:15:17.406 > >alt:-0.100,vel:-0.157,accelAlt:-0.095,accelVel:-0.146,baroAlt:-0.201,deviation:-0.106;

23:15:17.412 > >alt:-0.114,vel:-0.182,accelAlt:-0.101,accelVel:-0.155,baroAlt:-0.365,deviation:-0.264;

23:15:17.417 > >alt:-0.128,vel:-0.205,accelAlt:-0.115,accelVel:-0.180,baroAlt:-0.365,deviation:-0.250;

23:15:17.424 > >alt:-0.134,vel:-0.217,accelAlt:-0.129,accelVel:-0.206,baroAlt:-0.238,deviation:-0.109;

23:15:17.429 > >alt:-0.141,vel:-0.227,accelAlt:-0.136,accelVel:-0.217,baroAlt:-0.238,deviation:-0.102;

23:15:17.434 > >alt:-0.147,vel:-0.237,accelAlt:-0.142,accelVel:-0.228,baroAlt:-0.238,deviation:-0.096;

23:15:17.441 > >alt:-0.154,vel:-0.249,accelAlt:-0.148,accelVel:-0.238,baroAlt:-0.264,deviation:-0.116;

23:15:17.446 > >alt:-0.161,vel:-0.261,accelAlt:-0.155,accelVel:-0.250,baroAlt:-0.264,deviation:-0.109;

23:15:17.452 > >alt:-0.153,vel:-0.244,accelAlt:-0.162,accelVel:-0.262,baroAlt:0.021,deviation:0.183;

23:15:17.457 > >alt:-0.146,vel:-0.228,accelAlt:-0.154,accelVel:-0.245,baroAlt:0.021,deviation:0.176;

23:15:17.462 > >alt:-0.138,vel:-0.212,accelAlt:-0.147,accelVel:-0.229,baroAlt:0.021,deviation:0.168;

23:15:17.468 > >alt:-0.121,vel:-0.175,accelAlt:-0.140,accelVel:-0.213,baroAlt:0.238,deviation:0.377;

23:15:17.473 > >alt:-0.104,vel:-0.140,accelAlt:-0.122,accelVel:-0.176,baroAlt:0.238,deviation:0.360;

23:15:17.480 > >alt:-0.120,vel:-0.171,accelAlt:-0.105,accelVel:-0.140,baroAlt:-0.423,deviation:-0.318;

23:15:17.485 > >alt:-0.137,vel:-0.202,accelAlt:-0.122,accelVel:-0.172,baroAlt:-0.423,deviation:-0.301;

23:15:17.491 > >alt:-0.139,vel:-0.205,accelAlt:-0.138,accelVel:-0.203,baroAlt:-0.159,deviation:-0.021;

23:15:17.492 > >alt:-0.141,vel:-0.208,accelAlt:-0.140,accelVel:-0.206,baroAlt:-0.159,deviation:-0.018;

23:15:17.502 > >alt:-0.143,vel:-0.211,accelAlt:-0.142,accelVel:-0.209,baroAlt:-0.159,deviation:-0.016;

23:15:17.504 > >alt:-0.139,vel:-0.201,accelAlt:-0.144,accelVel:-0.211,baroAlt:-0.037,deviation:0.107;

23:15:17.513 > >alt:-0.135,vel:-0.191,accelAlt:-0.140,accelVel:-0.201,baroAlt:-0.037,deviation:0.103;

23:15:17.519 > >alt:-0.123,vel:-0.167,accelAlt:-0.136,accelVel:-0.192,baroAlt:0.114,deviation:0.249;

23:15:17.525 > >alt:-0.113,vel:-0.145,accelAlt:-0.124,accelVel:-0.169,baroAlt:0.114,deviation:0.238;

23:15:17.530 > >alt:-0.123,vel:-0.166,accelAlt:-0.113,accelVel:-0.145,baroAlt:-0.317,deviation:-0.204;

23:15:17.536 > >alt:-0.134,vel:-0.186,accelAlt:-0.125,accelVel:-0.166,baroAlt:-0.317,deviation:-0.193;

23:15:17.541 > >alt:-0.144,vel:-0.205,accelAlt:-0.135,accelVel:-0.187,baroAlt:-0.317,deviation:-0.182;

23:15:17.548 > >alt:-0.128,vel:-0.172,accelAlt:-0.145,accelVel:-0.206,baroAlt:0.196,deviation:0.341;

23:15:17.552 > >alt:-0.113,vel:-0.140,accelAlt:-0.129,accelVel:-0.173,baroAlt:0.196,deviation:0.325;

23:15:17.557 > >alt:-0.106,vel:-0.125,accelAlt:-0.114,accelVel:-0.140,baroAlt:0.045,deviation:0.159;

23:15:17.565 > >alt:-0.099,vel:-0.110,accelAlt:-0.107,accelVel:-0.125,baroAlt:0.045,deviation:0.152;

23:15:17.569 > >alt:-0.106,vel:-0.123,accelAlt:-0.100,accelVel:-0.111,baroAlt:-0.227,deviation:-0.128;

23:15:17.576 > >alt:-0.113,vel:-0.136,accelAlt:-0.107,accelVel:-0.124,baroAlt:-0.227,deviation:-0.120;

23:15:17.580 > >alt:-0.119,vel:-0.148,accelAlt:-0.114,accelVel:-0.137,baroAlt:-0.227,deviation:-0.114;

23:15:17.588 > >alt:-0.116,vel:-0.141,accelAlt:-0.120,accelVel:-0.148,baroAlt:-0.042,deviation:0.078;

23:15:17.592 > >alt:-0.113,vel:-0.134,accelAlt:-0.117,accelVel:-0.142,baroAlt:-0.042,deviation:0.075;

23:15:17.595 > >alt:-0.110,vel:-0.127,accelAlt:-0.114,accelVel:-0.135,baroAlt:-0.032,deviation:0.082;

23:15:17.604 > >alt:-0.107,vel:-0.120,accelAlt:-0.111,accelVel:-0.128,baroAlt:-0.032,deviation:0.079;

23:15:17.608 > >alt:-0.104,vel:-0.113,accelAlt:-0.107,accelVel:-0.121,baroAlt:-0.032,deviation:0.076;

23:15:17.608 > >alt:-0.084,vel:-0.074,accelAlt:-0.104,accelVel:-0.114,baroAlt:0.296,deviation:0.400;

23:15:17.621 > >alt:-0.066,vel:-0.037,accelAlt:-0.085,accelVel:-0.075,baroAlt:0.296,deviation:0.381;

23:15:17.625 > >alt:-0.053,vel:-0.012,accelAlt:-0.066,accelVel:-0.038,baroAlt:0.196,deviation:0.261;

23:15:17.632 > >alt:-0.040,vel:0.012,accelAlt:-0.053,accelVel:-0.013,baroAlt:0.196,deviation:0.248;

23:15:17.639 > >alt:-0.043,vel:0.005,accelAlt:-0.040,accelVel:0.011,baroAlt:-0.100,deviation:-0.060;

23:15:17.644 > >alt:-0.046,vel:-0.002,accelAlt:-0.043,accelVel:0.004,baroAlt:-0.100,deviation:-0.057;

23:15:17.646 > >alt:-0.049,vel:-0.008,accelAlt:-0.046,accelVel:-0.003,baroAlt:-0.100,deviation:-0.054;

23:15:17.655 > >alt:-0.058,vel:-0.028,accelAlt:-0.049,accelVel:-0.009,baroAlt:-0.238,deviation:-0.189;

23:15:17.657 > >alt:-0.068,vel:-0.047,accelAlt:-0.059,accelVel:-0.029,baroAlt:-0.238,deviation:-0.179;

23:15:17.657 > >alt:-0.064,vel:-0.039,accelAlt:-0.068,accelVel:-0.048,baroAlt:0.016,deviation:0.084;

23:15:17.672 > >alt:-0.060,vel:-0.032,accelAlt:-0.064,accelVel:-0.040,baroAlt:0.016,deviation:0.080;

23:15:17.675 > >alt:-0.060,vel:-0.033,accelAlt:-0.060,accelVel:-0.033,baroAlt:-0.058,deviation:0.002;

23:15:17.683 > >alt:-0.060,vel:-0.034,accelAlt:-0.060,accelVel:-0.034,baroAlt:-0.058,deviation:0.002;

23:15:17.686 > >alt:-0.060,vel:-0.034,accelAlt:-0.060,accelVel:-0.035,baroAlt:-0.058,deviation:0.002;

23:15:17.695 > >alt:-0.073,vel:-0.060,accelAlt:-0.060,accelVel:-0.035,baroAlt:-0.312,deviation:-0.251;

23:15:17.696 > >alt:-0.085,vel:-0.085,accelAlt:-0.073,accelVel:-0.061,baroAlt:-0.312,deviation:-0.238;

23:15:17.706 > >alt:-0.071,vel:-0.056,accelAlt:-0.086,accelVel:-0.086,baroAlt:0.214,deviation:0.300;

23:15:17.707 > >alt:-0.057,vel:-0.029,accelAlt:-0.071,accelVel:-0.057,baroAlt:0.214,deviation:0.285;

23:15:17.707 > >alt:-0.043,vel:-0.003,accelAlt:-0.057,accelVel:-0.030,baroAlt:0.214,deviation:0.271;

23:15:17.723 > >alt:-0.045,vel:-0.006,accelAlt:-0.043,accelVel:-0.003,baroAlt:-0.074,deviation:-0.031;

23:15:17.725 > >alt:-0.046,vel:-0.011,accelAlt:-0.045,accelVel:-0.008,baroAlt:-0.074,deviation:-0.029;

23:15:17.734 > >alt:-0.041,vel:0.001,accelAlt:-0.047,accelVel:-0.011,baroAlt:0.074,deviation:0.121;

23:15:17.736 > >alt:-0.035,vel:0.011,accelAlt:-0.041,accelVel:-0.000,baroAlt:0.074,deviation:0.115;

23:15:17.746 > >alt:-0.044,vel:-0.008,accelAlt:-0.035,accelVel:0.010,baroAlt:-0.217,deviation:-0.182;

23:15:17.750 > >alt:-0.053,vel:-0.026,accelAlt:-0.044,accelVel:-0.009,baroAlt:-0.217,deviation:-0.173;

23:15:17.753 > >alt:-0.061,vel:-0.044,accelAlt:-0.053,accelVel:-0.027,baroAlt:-0.217,deviation:-0.164;

23:15:17.753 > >alt:-0.055,vel:-0.032,accelAlt:-0.061,accelVel:-0.044,baroAlt:0.066,deviation:0.127;

23:15:17.767 > >alt:-0.049,vel:-0.021,accelAlt:-0.055,accelVel:-0.033,baroAlt:0.066,deviation:0.121;

23:15:17.770 > >alt:-0.047,vel:-0.017,accelAlt:-0.049,accelVel:-0.022,baroAlt:0.000,deviation:0.049;

23:15:17.779 > >alt:-0.044,vel:-0.013,accelAlt:-0.047,accelVel:-0.018,baroAlt:0.000,deviation:0.047;

23:15:17.785 > >alt:-0.037,vel:0.002,accelAlt:-0.044,accelVel:-0.014,baroAlt:0.114,deviation:0.158;

23:15:17.790 > >alt:-0.029,vel:0.016,accelAlt:-0.037,accelVel:0.001,baroAlt:0.114,deviation:0.150;

23:15:17.795 > >alt:-0.022,vel:0.029,accelAlt:-0.029,accelVel:0.015,baroAlt:0.114,deviation:0.143;

23:15:17.801 > >alt:-0.026,vel:0.019,accelAlt:-0.022,accelVel:0.029,baroAlt:-0.116,deviation:-0.095;

23:15:17.806 > >alt:-0.031,vel:0.009,accelAlt:-0.026,accelVel:0.018,baroAlt:-0.116,deviation:-0.090;

23:15:17.810 > >alt:-0.027,vel:0.015,accelAlt:-0.031,accelVel:0.008,baroAlt:0.037,deviation:0.068;

23:15:17.817 > >alt:-0.024,vel:0.020,accelAlt:-0.027,accelVel:0.014,baroAlt:0.037,deviation:0.064;

23:15:17.822 > >alt:-0.021,vel:0.026,accelAlt:-0.024,accelVel:0.020,baroAlt:0.037,deviation:0.061;

23:15:17.830 > >alt:-0.008,vel:0.051,accelAlt:-0.021,accelVel:0.025,baroAlt:0.235,deviation:0.256;

23:15:17.834 > >alt:0.004,vel:0.074,accelAlt:-0.008,accelVel:0.049,baroAlt:0.235,deviation:0.243;

23:15:17.838 > >alt:-0.004,vel:0.055,accelAlt:0.005,accelVel:0.073,baroAlt:-0.174,deviation:-0.179;

23:15:17.846 > >alt:-0.012,vel:0.037,accelAlt:-0.004,accelVel:0.054,baroAlt:-0.174,deviation:-0.171;

23:15:17.852 > >alt:-0.010,vel:0.040,accelAlt:-0.012,accelVel:0.036,baroAlt:0.021,deviation:0.033;

23:15:17.857 > >alt:-0.009,vel:0.042,accelAlt:-0.010,accelVel:0.039,baroAlt:0.021,deviation:0.031;

23:15:17.862 > >alt:-0.007,vel:0.044,accelAlt:-0.008,accelVel:0.041,baroAlt:0.021,deviation:0.030;

23:15:17.869 > >alt:-0.001,vel:0.054,accelAlt:-0.007,accelVel:0.043,baroAlt:0.106,deviation:0.112;

23:15:17.874 > >alt:0.005,vel:0.064,accelAlt:-0.001,accelVel:0.053,baroAlt:0.106,deviation:0.106;

23:15:17.881 > >alt:0.008,vel:0.069,accelAlt:0.005,accelVel:0.063,baroAlt:0.058,deviation:0.053;

23:15:17.885 > >alt:0.010,vel:0.073,accelAlt:0.008,accelVel:0.068,baroAlt:0.058,deviation:0.050;

23:15:17.891 > >alt:0.013,vel:0.076,accelAlt:0.011,accelVel:0.072,baroAlt:0.058,deviation:0.047;

23:15:17.893 > >alt:0.026,vel:0.100,accelAlt:0.014,accelVel:0.076,baroAlt:0.256,deviation:0.243;

23:15:17.902 > >alt:0.038,vel:0.122,accelAlt:0.026,accelVel:0.099,baroAlt:0.256,deviation:0.230;

23:15:17.906 > >alt:0.039,vel:0.122,accelAlt:0.038,accelVel:0.121,baroAlt:0.048,deviation:0.009;

23:15:17.913 > >alt:0.040,vel:0.122,accelAlt:0.040,accelVel:0.121,baroAlt:0.048,deviation:0.008;

23:15:17.919 > >alt:0.029,vel:0.097,accelAlt:0.041,accelVel:0.121,baroAlt:-0.196,deviation:-0.236;

23:15:17.925 > >alt:0.018,vel:0.074,accelAlt:0.030,accelVel:0.096,baroAlt:-0.196,deviation:-0.225;

23:15:17.930 > >alt:0.008,vel:0.051,accelAlt:0.019,accelVel:0.073,baroAlt:-0.196,deviation:-0.214;

23:15:17.936 > >alt:0.011,vel:0.056,accelAlt:0.008,accelVel:0.051,baroAlt:0.063,deviation:0.055;

23:15:17.937 > >alt:0.014,vel:0.060,accelAlt:0.011,accelVel:0.055,baroAlt:0.063,deviation:0.052;

23:15:17.948 > >alt:0.006,vel:0.044,accelAlt:0.014,accelVel:0.059,baroAlt:-0.143,deviation:-0.157;

23:15:17.952 > >alt:-0.001,vel:0.028,accelAlt:0.007,accelVel:0.043,baroAlt:-0.143,deviation:-0.149;

23:15:17.952 > >alt:0.000,vel:0.029,accelAlt:-0.001,accelVel:0.027,baroAlt:0.021,deviation:0.022;

23:15:17.965 > >alt:0.002,vel:0.030,accelAlt:0.001,accelVel:0.028,baroAlt:0.021,deviation:0.021;

23:15:17.969 > >alt:0.003,vel:0.031,accelAlt:0.002,accelVel:0.029,baroAlt:0.021,deviation:0.019;

23:15:17.972 > >alt:-0.014,vel:-0.005,accelAlt:0.003,accelVel:0.030,baroAlt:-0.343,deviation:-0.346;

23:15:17.981 > >alt:-0.031,vel:-0.038,accelAlt:-0.014,accelVel:-0.006,baroAlt:-0.343,deviation:-0.329;

23:15:17.986 > >alt:-0.036,vel:-0.048,accelAlt:-0.031,accelVel:-0.039,baroAlt:-0.122,deviation:-0.090;

23:15:17.993 > >alt:-0.040,vel:-0.058,accelAlt:-0.036,accelVel:-0.049,baroAlt:-0.122,deviation:-0.086;

23:15:17.996 > >alt:-0.045,vel:-0.067,accelAlt:-0.041,accelVel:-0.059,baroAlt:-0.122,deviation:-0.081;

23:15:18.004 > >alt:-0.045,vel:-0.067,accelAlt:-0.045,accelVel:-0.068,baroAlt:-0.037,deviation:0.008;

23:15:18.009 > >alt:-0.045,vel:-0.067,accelAlt:-0.045,accelVel:-0.068,baroAlt:-0.037,deviation:0.008;

23:15:18.012 > >alt:-0.022,vel:-0.022,accelAlt:-0.045,accelVel:-0.068,baroAlt:0.415,deviation:0.460;

23:15:18.021 > >alt:-0.000,vel:0.021,accelAlt:-0.022,accelVel:-0.023,baroAlt:0.415,deviation:0.437;

23:15:18.026 > >alt:0.008,vel:0.036,accelAlt:-0.000,accelVel:0.020,baroAlt:0.159,deviation:0.159;

23:15:18.032 > >alt:0.016,vel:0.050,accelAlt:0.008,accelVel:0.035,baroAlt:0.159,deviation:0.151;

23:15:18.037 > >alt:0.023,vel:0.064,accelAlt:0.016,accelVel:0.049,baroAlt:0.159,deviation:0.143;

23:15:18.037 > >alt:0.029,vel:0.073,accelAlt:0.023,accelVel:0.063,baroAlt:0.129,deviation:0.106;

23:15:18.049 > >alt:0.034,vel:0.082,accelAlt:0.029,accelVel:0.072,baroAlt:0.129,deviation:0.100;

23:15:18.055 > >alt:0.023,vel:0.059,accelAlt:0.034,accelVel:0.081,baroAlt:-0.190,deviation:-0.225;

23:15:18.059 > >alt:0.013,vel:0.036,accelAlt:0.024,accelVel:0.058,baroAlt:-0.190,deviation:-0.214;

23:15:18.066 > >alt:0.018,vel:0.045,accelAlt:0.013,accelVel:0.036,baroAlt:0.103,deviation:0.090;

23:15:18.070 > >alt:0.022,vel:0.052,accelAlt:0.018,accelVel:0.044,baroAlt:0.103,deviation:0.085;

23:15:18.070 > >alt:0.026,vel:0.059,accelAlt:0.022,accelVel:0.051,baroAlt:0.103,deviation:0.081;

23:15:18.083 > >alt:0.023,vel:0.051,accelAlt:0.027,accelVel:0.059,baroAlt:-0.053,deviation:-0.080;

23:15:18.086 > >alt:0.019,vel:0.042,accelAlt:0.023,accelVel:0.050,baroAlt:-0.053,deviation:-0.076;

23:15:18.086 > >alt:0.030,vel:0.063,accelAlt:0.019,accelVel:0.041,baroAlt:0.238,deviation:0.218;

23:15:18.099 > >alt:0.041,vel:0.083,accelAlt:0.031,accelVel:0.062,baroAlt:0.238,deviation:0.207;

23:15:18.102 > >alt:0.051,vel:0.102,accelAlt:0.042,accelVel:0.082,baroAlt:0.238,deviation:0.196;

23:15:18.105 > >alt:0.045,vel:0.087,accelAlt:0.052,accelVel:0.101,baroAlt:-0.090,deviation:-0.142;

23:15:18.116 > >alt:0.039,vel:0.072,accelAlt:0.045,accelVel:0.086,baroAlt:-0.090,deviation:-0.135;

23:15:18.119 > >alt:0.037,vel:0.067,accelAlt:0.039,accelVel:0.071,baroAlt:-0.005,deviation:-0.044;

23:15:18.127 > >alt:0.035,vel:0.062,accelAlt:0.037,accelVel:0.066,baroAlt:-0.005,deviation:-0.042;

23:15:18.134 > >alt:0.027,vel:0.045,accelAlt:0.035,accelVel:0.061,baroAlt:-0.122,deviation:-0.157;

23:15:18.139 > >alt:0.020,vel:0.029,accelAlt:0.028,accelVel:0.044,baroAlt:-0.122,deviation:-0.149;

23:15:18.140 > >alt:0.013,vel:0.014,accelAlt:0.020,accelVel:0.028,baroAlt:-0.122,deviation:-0.142;

23:15:18.150 > >alt:0.016,vel:0.018,accelAlt:0.013,accelVel:0.013,baroAlt:0.061,deviation:0.047;

23:15:18.155 > >alt:0.018,vel:0.021,accelAlt:0.016,accelVel:0.017,baroAlt:0.061,deviation:0.045;

23:15:18.158 > >alt:0.026,vel:0.037,accelAlt:0.018,accelVel:0.021,baroAlt:0.182,deviation:0.164;

23:15:18.167 > >alt:0.034,vel:0.051,accelAlt:0.027,accelVel:0.036,baroAlt:0.182,deviation:0.156;

23:15:18.170 > >alt:0.014,vel:0.009,accelAlt:0.035,accelVel:0.051,baroAlt:-0.380,deviation:-0.415;

23:15:18.179 > >alt:-0.006,vel:-0.031,accelAlt:0.014,accelVel:0.008,baroAlt:-0.380,deviation:-0.394;

23:15:18.183 > >alt:-0.025,vel:-0.069,accelAlt:-0.006,accelVel:-0.032,baroAlt:-0.380,deviation:-0.375;

23:15:18.190 > >alt:-0.030,vel:-0.079,accelAlt:-0.025,accelVel:-0.070,baroAlt:-0.116,deviation:-0.091;

23:15:18.195 > >alt:-0.034,vel:-0.089,accelAlt:-0.030,accelVel:-0.080,baroAlt:-0.116,deviation:-0.086;

23:15:18.201 > >alt:-0.034,vel:-0.089,accelAlt:-0.035,accelVel:-0.090,baroAlt:-0.026,deviation:0.008;

23:15:18.207 > >alt:-0.035,vel:-0.089,accelAlt:-0.035,accelVel:-0.090,baroAlt:-0.026,deviation:0.009;

23:15:18.212 > >alt:-0.035,vel:-0.089,accelAlt:-0.035,accelVel:-0.090,baroAlt:-0.026,deviation:0.009;

23:15:18.218 > >alt:-0.040,vel:-0.100,accelAlt:-0.035,accelVel:-0.090,baroAlt:-0.137,deviation:-0.102;

23:15:18.223 > >alt:-0.046,vel:-0.111,accelAlt:-0.041,accelVel:-0.101,baroAlt:-0.137,deviation:-0.097;

23:15:18.229 > >alt:-0.041,vel:-0.101,accelAlt:-0.046,accelVel:-0.112,baroAlt:0.061,deviation:0.107;

23:15:18.235 > >alt:-0.036,vel:-0.092,accelAlt:-0.042,accelVel:-0.102,baroAlt:0.061,deviation:0.102;

23:15:18.238 > >alt:-0.044,vel:-0.106,accelAlt:-0.037,accelVel:-0.093,baroAlt:-0.174,deviation:-0.137;

23:15:18.245 > >alt:-0.051,vel:-0.120,accelAlt:-0.045,accelVel:-0.107,baroAlt:-0.174,deviation:-0.130;

23:15:18.251 > >alt:-0.058,vel:-0.134,accelAlt:-0.052,accelVel:-0.121,baroAlt:-0.174,deviation:-0.123;

23:15:18.257 > >alt:-0.066,vel:-0.149,accelAlt:-0.058,accelVel:-0.134,baroAlt:-0.201,deviation:-0.142;

23:15:18.258 > >alt:-0.073,vel:-0.163,accelAlt:-0.067,accelVel:-0.150,baroAlt:-0.201,deviation:-0.134;

23:15:18.269 > >alt:-0.075,vel:-0.166,accelAlt:-0.074,accelVel:-0.164,baroAlt:-0.100,deviation:-0.026;

23:15:18.271 > >alt:-0.078,vel:-0.170,accelAlt:-0.077,accelVel:-0.167,baroAlt:-0.100,deviation:-0.024;

23:15:18.280 > >alt:-0.075,vel:-0.163,accelAlt:-0.079,accelVel:-0.171,baroAlt:-0.005,deviation:0.073;

23:15:18.285 > >alt:-0.072,vel:-0.157,accelAlt:-0.076,accelVel:-0.164,baroAlt:-0.005,deviation:0.071;

23:15:18.285 > >alt:-0.070,vel:-0.151,accelAlt:-0.073,accelVel:-0.158,baroAlt:-0.005,deviation:0.068;

23:15:18.297 > >alt:-0.073,vel:-0.157,accelAlt:-0.071,accelVel:-0.152,baroAlt:-0.122,deviation:-0.051;

23:15:18.302 > >alt:-0.077,vel:-0.163,accelAlt:-0.074,accelVel:-0.158,baroAlt:-0.122,deviation:-0.047;

23:15:18.309 > >alt:-0.052,vel:-0.114,accelAlt:-0.077,accelVel:-0.164,baroAlt:0.423,deviation:0.500;

23:15:18.314 > >alt:-0.029,vel:-0.067,accelAlt:-0.053,accelVel:-0.115,baroAlt:0.423,deviation:0.476;

23:15:18.318 > >alt:-0.007,vel:-0.023,accelAlt:-0.030,accelVel:-0.068,baroAlt:0.423,deviation:0.453;

23:15:18.325 > >alt:0.011,vel:0.013,accelAlt:-0.007,accelVel:-0.024,baroAlt:0.359,deviation:0.367;

23:15:18.330 > >alt:0.029,vel:0.047,accelAlt:0.011,accelVel:0.012,baroAlt:0.359,deviation:0.348;

23:15:18.337 > >alt:0.038,vel:0.063,accelAlt:0.029,accelVel:0.046,baroAlt:0.203,deviation:0.175;

23:15:18.342 > >alt:0.046,vel:0.079,accelAlt:0.038,accelVel:0.062,baroAlt:0.203,deviation:0.166;

23:15:18.344 > >alt:0.043,vel:0.072,accelAlt:0.047,accelVel:0.078,baroAlt:-0.016,deviation:-0.062;

23:15:18.353 > >alt:0.041,vel:0.065,accelAlt:0.044,accelVel:0.071,baroAlt:-0.016,deviation:-0.060;

23:15:18.358 > >alt:0.038,vel:0.058,accelAlt:0.041,accelVel:0.064,baroAlt:-0.016,deviation:-0.057;

23:15:18.365 > >alt:0.033,vel:0.045,accelAlt:0.039,accelVel:0.057,baroAlt:-0.079,deviation:-0.118;

23:15:18.369 > >alt:0.027,vel:0.033,accelAlt:0.033,accelVel:0.044,baroAlt:-0.079,deviation:-0.112;

23:15:18.377 > >alt:0.031,vel:0.039,accelAlt:0.028,accelVel:0.032,baroAlt:0.100,deviation:0.073;

23:15:18.380 > >alt:0.035,vel:0.045,accelAlt:0.032,accelVel:0.038,baroAlt:0.100,deviation:0.069;

23:15:18.388 > >alt:0.023,vel:0.021,accelAlt:0.035,accelVel:0.044,baroAlt:-0.201,deviation:-0.236;

23:15:18.392 > >alt:0.012,vel:-0.003,accelAlt:0.024,accelVel:0.020,baroAlt:-0.201,deviation:-0.224;

23:15:18.398 > >alt:0.002,vel:-0.025,accelAlt:0.012,accelVel:-0.003,baroAlt:-0.201,deviation:-0.213;

23:15:18.402 > >alt:0.007,vel:-0.014,accelAlt:0.001,accelVel:-0.026,baroAlt:0.116,deviation:0.115;

23:15:18.410 > >alt:0.013,vel:-0.004,accelAlt:0.007,accelVel:-0.015,baroAlt:0.116,deviation:0.109;

23:15:18.413 > >alt:0.017,vel:0.004,accelAlt:0.013,accelVel:-0.005,baroAlt:0.095,deviation:0.083;

23:15:18.420 > >alt:0.021,vel:0.010,accelAlt:0.017,accelVel:0.002,baroAlt:0.095,deviation:0.078;

23:15:18.425 > >alt:0.024,vel:0.017,accelAlt:0.021,accelVel:0.010,baroAlt:0.095,deviation:0.074;

23:15:18.433 > >alt:0.025,vel:0.016,accelAlt:0.024,accelVel:0.016,baroAlt:0.026,deviation:0.002;

23:15:18.436 > >alt:0.025,vel:0.015,accelAlt:0.025,accelVel:0.015,baroAlt:0.026,deviation:0.002;

23:15:18.439 > >alt:0.016,vel:-0.003,accelAlt:0.025,accelVel:0.015,baroAlt:-0.148,deviation:-0.173;

23:15:18.449 > >alt:0.008,vel:-0.020,accelAlt:0.016,accelVel:-0.004,baroAlt:-0.148,deviation:-0.164;

23:15:18.452 > >alt:0.020,vel:0.003,accelAlt:0.008,accelVel:-0.021,baroAlt:0.246,deviation:0.238;

23:15:18.461 > >alt:0.031,vel:0.024,accelAlt:0.020,accelVel:0.002,baroAlt:0.246,deviation:0.226;

23:15:18.464 > >alt:0.042,vel:0.045,accelAlt:0.031,accelVel:0.024,baroAlt:0.246,deviation:0.215;

23:15:18.471 > >alt:0.047,vel:0.054,accelAlt:0.042,accelVel:0.044,baroAlt:0.143,deviation:0.101;

23:15:18.477 > >alt:0.052,vel:0.063,accelAlt:0.047,accelVel:0.053,baroAlt:0.143,deviation:0.095;

23:15:18.483 > >alt:0.068,vel:0.094,accelAlt:0.053,accelVel:0.062,baroAlt:0.370,deviation:0.317;

23:15:18.489 > >alt:0.084,vel:0.123,accelAlt:0.069,accelVel:0.093,baroAlt:0.370,deviation:0.301;

23:15:18.491 > >alt:0.079,vel:0.111,accelAlt:0.085,accelVel:0.122,baroAlt:-0.026,deviation:-0.111;

23:15:18.499 > >alt:0.075,vel:0.099,accelAlt:0.080,accelVel:0.110,baroAlt:-0.026,deviation:-0.106;

23:15:18.503 > >alt:0.070,vel:0.088,accelAlt:0.075,accelVel:0.099,baroAlt:-0.026,deviation:-0.101;

23:15:18.506 > >alt:0.077,vel:0.101,accelAlt:0.070,accelVel:0.088,baroAlt:0.201,deviation:0.130;

23:15:18.516 > >alt:0.084,vel:0.112,accelAlt:0.078,accelVel:0.100,baroAlt:0.201,deviation:0.123;

23:15:18.520 > >alt:0.083,vel:0.108,accelAlt:0.084,accelVel:0.111,baroAlt:0.053,deviation:-0.031;

23:15:18.528 > >alt:0.082,vel:0.104,accelAlt:0.083,accelVel:0.107,baroAlt:0.053,deviation:-0.031;

23:15:18.531 > >alt:0.081,vel:0.100,accelAlt:0.082,accelVel:0.103,baroAlt:0.053,deviation:-0.030;

23:15:18.539 > >alt:0.076,vel:0.089,accelAlt:0.081,accelVel:0.099,baroAlt:-0.021,deviation:-0.103;

23:15:18.544 > >alt:0.072,vel:0.078,accelAlt:0.077,accelVel:0.088,baroAlt:-0.021,deviation:-0.098;

23:15:18.551 > >alt:0.064,vel:0.060,accelAlt:0.072,accelVel:0.077,baroAlt:-0.100,deviation:-0.173;

23:15:18.556 > >alt:0.056,vel:0.042,accelAlt:0.064,accelVel:0.059,baroAlt:-0.100,deviation:-0.165;

23:15:18.563 > >alt:0.049,vel:0.026,accelAlt:0.056,accelVel:0.041,baroAlt:-0.095,deviation:-0.151;

23:15:18.567 > >alt:0.041,vel:0.011,accelAlt:0.049,accelVel:0.025,baroAlt:-0.095,deviation:-0.144;

23:15:18.569 > >alt:0.035,vel:-0.004,accelAlt:0.042,accelVel:0.010,baroAlt:-0.095,deviation:-0.137;

23:15:18.579 > >alt:0.020,vel:-0.034,accelAlt:0.035,accelVel:-0.005,baroAlt:-0.259,deviation:-0.294;

23:15:18.584 > >alt:0.006,vel:-0.063,accelAlt:0.020,accelVel:-0.035,baroAlt:-0.259,deviation:-0.279;

23:15:18.591 > >alt:-0.007,vel:-0.089,accelAlt:0.006,accelVel:-0.064,baroAlt:-0.248,deviation:-0.254;

23:15:18.592 > >alt:-0.020,vel:-0.114,accelAlt:-0.008,accelVel:-0.090,baroAlt:-0.248,deviation:-0.241;

23:15:18.602 > >alt:-0.007,vel:-0.089,accelAlt:-0.020,accelVel:-0.115,baroAlt:0.243,deviation:0.263;

23:15:18.606 > >alt:0.005,vel:-0.065,accelAlt:-0.008,accelVel:-0.090,baroAlt:0.243,deviation:0.251;

23:15:18.612 > >alt:0.016,vel:-0.042,accelAlt:0.004,accelVel:-0.065,baroAlt:0.243,deviation:0.239;

23:15:18.619 > >alt:0.017,vel:-0.041,accelAlt:0.016,accelVel:-0.042,baroAlt:0.029,deviation:0.013;

23:15:18.624 > >alt:0.017,vel:-0.041,accelAlt:0.016,accelVel:-0.042,baroAlt:0.029,deviation:0.013;

23:15:18.630 > >alt:0.012,vel:-0.052,accelAlt:0.017,accelVel:-0.042,baroAlt:-0.090,deviation:-0.107;

23:15:18.635 > >alt:0.006,vel:-0.063,accelAlt:0.011,accelVel:-0.053,baroAlt:-0.090,deviation:-0.101;

23:15:18.639 > >alt:0.001,vel:-0.074,accelAlt:0.006,accelVel:-0.064,baroAlt:-0.090,deviation:-0.096;

23:15:18.642 > >alt:0.001,vel:-0.073,accelAlt:0.001,accelVel:-0.075,baroAlt:0.016,deviation:0.015;

23:15:18.651 > >alt:0.002,vel:-0.073,accelAlt:0.001,accelVel:-0.074,baroAlt:0.016,deviation:0.015;

23:15:18.655 > >alt:-0.005,vel:-0.087,accelAlt:0.001,accelVel:-0.073,baroAlt:-0.132,deviation:-0.133;

23:15:18.663 > >alt:-0.012,vel:-0.100,accelAlt:-0.006,accelVel:-0.088,baroAlt:-0.132,deviation:-0.126;

23:15:18.668 > >alt:-0.001,vel:-0.077,accelAlt:-0.013,accelVel:-0.101,baroAlt:0.225,deviation:0.237;

23:15:18.675 > >alt:0.010,vel:-0.056,accelAlt:-0.001,accelVel:-0.078,baroAlt:0.225,deviation:0.226;

23:15:18.677 > >alt:0.020,vel:-0.035,accelAlt:0.010,accelVel:-0.057,baroAlt:0.225,deviation:0.215;

23:15:18.685 > >alt:0.006,vel:-0.063,accelAlt:0.020,accelVel:-0.036,baroAlt:-0.254,deviation:-0.274;

23:15:18.691 > >alt:-0.007,vel:-0.091,accelAlt:0.006,accelVel:-0.065,baroAlt:-0.254,deviation:-0.260;

23:15:18.698 > >alt:0.008,vel:-0.060,accelAlt:-0.007,accelVel:-0.091,baroAlt:0.304,deviation:0.311;

23:15:18.702 > >alt:0.023,vel:-0.032,accelAlt:0.008,accelVel:-0.061,baroAlt:0.304,deviation:0.296;

23:15:18.707 > >alt:0.024,vel:-0.029,accelAlt:0.022,accelVel:-0.033,baroAlt:0.055,deviation:0.033;

23:15:18.714 > >alt:0.025,vel:-0.027,accelAlt:0.024,accelVel:-0.030,baroAlt:0.055,deviation:0.032;

23:15:18.719 > >alt:0.027,vel:-0.025,accelAlt:0.025,accelVel:-0.028,baroAlt:0.055,deviation:0.030;

23:15:18.719 > >alt:0.033,vel:-0.013,accelAlt:0.027,accelVel:-0.026,baroAlt:0.156,deviation:0.129;

23:15:18.731 > >alt:0.039,vel:-0.001,accelAlt:0.033,accelVel:-0.014,baroAlt:0.156,deviation:0.123;

23:15:18.737 > >alt:0.031,vel:-0.018,accelAlt:0.039,accelVel:-0.002,baroAlt:-0.116,deviation:-0.155;

23:15:18.742 > >alt:0.024,vel:-0.034,accelAlt:0.031,accelVel:-0.019,baroAlt:-0.116,deviation:-0.148;

23:15:18.747 > >alt:0.017,vel:-0.048,accelAlt:0.024,accelVel:-0.034,baroAlt:-0.116,deviation:-0.140;

23:15:18.753 > >alt:0.006,vel:-0.070,accelAlt:0.016,accelVel:-0.049,baroAlt:-0.190,deviation:-0.207;

23:15:18.759 > >alt:-0.004,vel:-0.091,accelAlt:0.006,accelVel:-0.071,baroAlt:-0.190,deviation:-0.196;

23:15:18.765 > >alt:-0.004,vel:-0.091,accelAlt:-0.005,accelVel:-0.091,baroAlt:0.003,deviation:0.007;

23:15:18.769 > >alt:-0.004,vel:-0.091,accelAlt:-0.005,accelVel:-0.092,baroAlt:0.003,deviation:0.007;

23:15:18.769 > >alt:-0.010,vel:-0.101,accelAlt:-0.005,accelVel:-0.092,baroAlt:-0.100,deviation:-0.095;

23:15:18.781 > >alt:-0.015,vel:-0.111,accelAlt:-0.010,accelVel:-0.102,baroAlt:-0.100,deviation:-0.090;

23:15:18.786 > >alt:-0.020,vel:-0.121,accelAlt:-0.015,accelVel:-0.112,baroAlt:-0.100,deviation:-0.085;

23:15:18.793 > >alt:-0.042,vel:-0.165,accelAlt:-0.020,accelVel:-0.122,baroAlt:-0.449,deviation:-0.429;

23:15:18.798 > >alt:-0.063,vel:-0.206,accelAlt:-0.043,accelVel:-0.166,baroAlt:-0.449,deviation:-0.406;

23:15:18.804 > >alt:-0.063,vel:-0.205,accelAlt:-0.064,accelVel:-0.207,baroAlt:-0.042,deviation:0.022;

23:15:18.809 > >alt:-0.063,vel:-0.204,accelAlt:-0.064,accelVel:-0.206,baroAlt:-0.042,deviation:0.022;

23:15:18.814 > >alt:-0.063,vel:-0.202,accelAlt:-0.064,accelVel:-0.205,baroAlt:-0.042,deviation:0.022;

23:15:18.821 > >alt:-0.067,vel:-0.208,accelAlt:-0.064,accelVel:-0.203,baroAlt:-0.111,deviation:-0.047;

23:15:18.826 > >alt:-0.070,vel:-0.213,accelAlt:-0.068,accelVel:-0.209,baroAlt:-0.111,deviation:-0.043;

23:15:18.832 > >alt:-0.071,vel:-0.213,accelAlt:-0.071,accelVel:-0.214,baroAlt:-0.058,deviation:0.013;

23:15:18.837 > >alt:-0.071,vel:-0.212,accelAlt:-0.072,accelVel:-0.214,baroAlt:-0.058,deviation:0.014;

23:15:18.842 > >alt:-0.078,vel:-0.224,accelAlt:-0.072,accelVel:-0.213,baroAlt:-0.180,deviation:-0.107;

23:15:18.849 > >alt:-0.084,vel:-0.235,accelAlt:-0.079,accelVel:-0.225,baroAlt:-0.180,deviation:-0.100;

23:15:18.852 > >alt:-0.090,vel:-0.245,accelAlt:-0.085,accelVel:-0.236,baroAlt:-0.180,deviation:-0.094;

23:15:18.861 > >alt:-0.081,vel:-0.225,accelAlt:-0.091,accelVel:-0.246,baroAlt:0.122,deviation:0.213;

23:15:18.861 > >alt:-0.072,vel:-0.205,accelAlt:-0.082,accelVel:-0.226,baroAlt:0.122,deviation:0.204;

23:15:18.872 > >alt:-0.063,vel:-0.185,accelAlt:-0.073,accelVel:-0.206,baroAlt:0.132,deviation:0.205;

23:15:18.876 > >alt:-0.054,vel:-0.167,accelAlt:-0.064,accelVel:-0.187,baroAlt:0.132,deviation:0.196;

23:15:18.884 > >alt:-0.050,vel:-0.157,accelAlt:-0.055,accelVel:-0.168,baroAlt:0.048,deviation:0.103;

23:15:18.886 > >alt:-0.046,vel:-0.149,accelAlt:-0.051,accelVel:-0.159,baroAlt:0.048,deviation:0.099;

23:15:18.894 > >alt:-0.042,vel:-0.140,accelAlt:-0.047,accelVel:-0.149,baroAlt:0.048,deviation:0.094;

23:15:18.900 > >alt:-0.054,vel:-0.164,accelAlt:-0.043,accelVel:-0.141,baroAlt:-0.270,deviation:-0.227;

23:15:18.905 > >alt:-0.066,vel:-0.186,accelAlt:-0.055,accelVel:-0.165,baroAlt:-0.270,deviation:-0.214;

23:15:18.907 > >alt:-0.070,vel:-0.192,accelAlt:-0.067,accelVel:-0.187,baroAlt:-0.122,deviation:-0.055;

23:15:18.917 > >alt:-0.073,vel:-0.198,accelAlt:-0.071,accelVel:-0.193,baroAlt:-0.122,deviation:-0.051;

23:15:18.923 > >alt:-0.055,vel:-0.161,accelAlt:-0.074,accelVel:-0.199,baroAlt:0.307,deviation:0.381;

23:15:18.928 > >alt:-0.038,vel:-0.126,accelAlt:-0.056,accelVel:-0.162,baroAlt:0.307,deviation:0.363;

23:15:18.931 > >alt:-0.022,vel:-0.092,accelAlt:-0.039,accelVel:-0.126,baroAlt:0.307,deviation:0.345;

23:15:18.939 > >alt:-0.020,vel:-0.088,accelAlt:-0.022,accelVel:-0.093,baroAlt:0.026,deviation:0.049;

23:15:18.944 > >alt:-0.018,vel:-0.084,accelAlt:-0.020,accelVel:-0.089,baroAlt:0.026,deviation:0.047;

23:15:18.951 > >alt:-0.006,vel:-0.060,accelAlt:-0.018,accelVel:-0.085,baroAlt:0.227,deviation:0.246;

23:15:18.957 > >alt:0.005,vel:-0.038,accelAlt:-0.007,accelVel:-0.061,baroAlt:0.227,deviation:0.234;

23:15:18.960 > >alt:0.016,vel:-0.017,accelAlt:0.005,accelVel:-0.039,baroAlt:0.227,deviation:0.222;

23:15:18.968 > >alt:0.029,vel:0.009,accelAlt:0.016,accelVel:-0.017,baroAlt:0.277,deviation:0.261;

23:15:18.972 > >alt:0.042,vel:0.032,accelAlt:0.029,accelVel:0.008,baroAlt:0.277,deviation:0.248;

23:15:18.980 > >alt:0.045,vel:0.039,accelAlt:0.042,accelVel:0.032,baroAlt:0.114,deviation:0.072;

23:15:18.984 > >alt:0.049,vel:0.044,accelAlt:0.046,accelVel:0.038,baroAlt:0.114,deviation:0.068;

23:15:18.987 > >alt:0.034,vel:0.013,accelAlt:0.049,accelVel:0.044,baroAlt:-0.254,deviation:-0.303;

23:15:18.996 > >alt:0.020,vel:-0.016,accelAlt:0.034,accelVel:0.012,baroAlt:-0.254,deviation:-0.288;

23:15:19.001 > >alt:0.006,vel:-0.044,accelAlt:0.020,accelVel:-0.017,baroAlt:-0.254,deviation:-0.273;

23:15:19.006 > >alt:0.014,vel:-0.028,accelAlt:0.006,accelVel:-0.045,baroAlt:0.180,deviation:0.174;

23:15:19.038 > >alt:0.022,vel:-0.012,accelAlt:0.014,accelVel:-0.029,baroAlt:0.180,deviation:0.165;

23:15:19.038 > >alt:0.023,vel:-0.013,accelAlt:0.022,accelVel:-0.013,baroAlt:0.026,deviation:0.004;

23:15:19.038 > >alt:0.023,vel:-0.013,accelAlt:0.023,accelVel:-0.014,baroAlt:0.026,deviation:0.004;

23:15:19.038 > >alt:0.023,vel:-0.014,accelAlt:0.023,accelVel:-0.014,baroAlt:0.026,deviation:0.004;

23:15:19.038 > >alt:0.008,vel:-0.045,accelAlt:0.023,accelVel:-0.015,baroAlt:-0.280,deviation:-0.303;

23:15:19.042 > >alt:-0.007,vel:-0.075,accelAlt:0.007,accelVel:-0.046,baroAlt:-0.280,deviation:-0.287;

23:15:19.097 > >alt:-0.012,vel:-0.085,accelAlt:-0.007,accelVel:-0.076,baroAlt:-0.100,deviation:-0.093;

23:15:19.097 > >alt:-0.017,vel:-0.095,accelAlt:-0.013,accelVel:-0.086,baroAlt:-0.100,deviation:-0.088;

23:15:19.097 > >alt:-0.027,vel:-0.114,accelAlt:-0.018,accelVel:-0.096,baroAlt:-0.206,deviation:-0.189;

23:15:19.097 > >alt:-0.037,vel:-0.133,accelAlt:-0.028,accelVel:-0.116,baroAlt:-0.206,deviation:-0.178;

23:15:19.097 > >alt:-0.046,vel:-0.151,accelAlt:-0.037,accelVel:-0.134,baroAlt:-0.206,deviation:-0.169;

23:15:19.097 > >alt:-0.046,vel:-0.150,accelAlt:-0.047,accelVel:-0.152,baroAlt:-0.032,deviation:0.015;

23:15:19.097 > >alt:-0.046,vel:-0.150,accelAlt:-0.047,accelVel:-0.152,baroAlt:-0.032,deviation:0.015;

23:15:19.097 > >alt:-0.043,vel:-0.143,accelAlt:-0.047,accelVel:-0.151,baroAlt:0.029,deviation:0.076;

23:15:19.097 > >alt:-0.040,vel:-0.137,accelAlt:-0.044,accelVel:-0.144,baroAlt:0.029,deviation:0.073;

23:15:19.115 > >alt:-0.027,vel:-0.109,accelAlt:-0.041,accelVel:-0.138,baroAlt:0.248,deviation:0.289;

23:15:19.115 > >alt:-0.013,vel:-0.082,accelAlt:-0.027,accelVel:-0.110,baroAlt:0.248,deviation:0.276;

23:15:19.115 > >alt:-0.001,vel:-0.057,accelAlt:-0.014,accelVel:-0.083,baroAlt:0.248,deviation:0.262;

23:15:19.115 > >alt:0.001,vel:-0.054,accelAlt:-0.001,accelVel:-0.058,baroAlt:0.034,deviation:0.035;

23:15:19.124 > >alt:0.002,vel:-0.052,accelAlt:0.000,accelVel:-0.055,baroAlt:0.034,deviation:0.034;

23:15:19.130 > >alt:-0.001,vel:-0.058,accelAlt:0.002,accelVel:-0.053,baroAlt:-0.053,deviation:-0.055;

23:15:19.130 > >alt:-0.004,vel:-0.065,accelAlt:-0.001,accelVel:-0.059,baroAlt:-0.053,deviation:-0.051;

23:15:19.135 > >alt:-0.007,vel:-0.070,accelAlt:-0.004,accelVel:-0.065,baroAlt:-0.053,deviation:-0.049;

23:15:19.142 > >alt:-0.003,vel:-0.063,accelAlt:-0.007,accelVel:-0.071,baroAlt:0.071,deviation:0.078;

23:15:19.147 > >alt:0.000,vel:-0.057,accelAlt:-0.004,accelVel:-0.064,baroAlt:0.071,deviation:0.075;

23:15:19.160 > >alt:0.005,vel:-0.048,accelAlt:-0.000,accelVel:-0.058,baroAlt:0.095,deviation:0.095;

23:15:19.160 > >alt:0.009,vel:-0.040,accelAlt:0.004,accelVel:-0.049,baroAlt:0.095,deviation:0.091;

23:15:19.165 > >alt:0.021,vel:-0.016,accelAlt:0.009,accelVel:-0.041,baroAlt:0.259,deviation:0.250;

23:15:19.170 > >alt:0.033,vel:0.007,accelAlt:0.021,accelVel:-0.017,baroAlt:0.259,deviation:0.238;

23:15:19.175 > >alt:0.044,vel:0.029,accelAlt:0.033,accelVel:0.006,baroAlt:0.259,deviation:0.226;

23:15:19.182 > >alt:0.038,vel:0.016,accelAlt:0.044,accelVel:0.028,baroAlt:-0.074,deviation:-0.118;

23:15:19.184 > >alt:0.033,vel:0.004,accelAlt:0.039,accelVel:0.015,baroAlt:-0.074,deviation:-0.113;

23:15:19.193 > >alt:0.029,vel:-0.006,accelAlt:0.033,accelVel:0.003,baroAlt:-0.053,deviation:-0.086;

23:15:19.193 > >alt:0.025,vel:-0.015,accelAlt:0.029,accelVel:-0.007,baroAlt:-0.053,deviation:-0.081;

23:15:19.205 > >alt:0.036,vel:0.008,accelAlt:0.024,accelVel:-0.016,baroAlt:0.259,deviation:0.234;

23:15:19.207 > >alt:0.047,vel:0.029,accelAlt:0.036,accelVel:0.006,baroAlt:0.259,deviation:0.223;

23:15:19.207 > >alt:0.058,vel:0.049,accelAlt:0.048,accelVel:0.028,baroAlt:0.259,deviation:0.211;

23:15:19.221 > >alt:0.051,vel:0.033,accelAlt:0.058,accelVel:0.048,baroAlt:-0.090,deviation:-0.148;

23:15:19.226 > >alt:0.044,vel:0.018,accelAlt:0.051,accelVel:0.032,baroAlt:-0.090,deviation:-0.141;

23:15:19.230 > >alt:0.034,vel:-0.004,accelAlt:0.044,accelVel:0.017,baroAlt:-0.169,deviation:-0.213;

23:15:19.237 > >alt:0.023,vel:-0.025,accelAlt:0.033,accelVel:-0.005,baroAlt:-0.169,deviation:-0.203;

23:15:19.241 > >alt:0.014,vel:-0.045,accelAlt:0.023,accelVel:-0.026,baroAlt:-0.169,deviation:-0.192;

23:15:19.249 > >alt:0.008,vel:-0.057,accelAlt:0.013,accelVel:-0.046,baroAlt:-0.100,deviation:-0.114;

23:15:19.250 > >alt:0.002,vel:-0.069,accelAlt:0.007,accelVel:-0.058,baroAlt:-0.100,deviation:-0.108;

23:15:19.261 > >alt:0.000,vel:-0.073,accelAlt:0.002,accelVel:-0.070,baroAlt:-0.026,deviation:-0.028;

23:15:19.262 > >alt:-0.002,vel:-0.077,accelAlt:-0.000,accelVel:-0.074,baroAlt:-0.026,deviation:-0.026;

23:15:19.272 > >alt:0.009,vel:-0.055,accelAlt:-0.002,accelVel:-0.077,baroAlt:0.225,deviation:0.227;

23:15:19.276 > >alt:0.020,vel:-0.034,accelAlt:0.009,accelVel:-0.056,baroAlt:0.225,deviation:0.216;

23:15:19.283 > >alt:0.030,vel:-0.015,accelAlt:0.020,accelVel:-0.035,baroAlt:0.225,deviation:0.205;

23:15:19.284 > >alt:0.042,vel:0.009,accelAlt:0.030,accelVel:-0.016,baroAlt:0.280,deviation:0.250;

23:15:19.294 > >alt:0.054,vel:0.032,accelAlt:0.042,accelVel:0.008,baroAlt:0.280,deviation:0.238;

23:15:19.300 > >alt:0.044,vel:0.010,accelAlt:0.054,accelVel:0.031,baroAlt:-0.159,deviation:-0.213;

23:15:19.305 > >alt:0.034,vel:-0.011,accelAlt:0.044,accelVel:0.009,baroAlt:-0.159,deviation:-0.202;

23:15:19.309 > >alt:0.039,vel:-0.002,accelAlt:0.034,accelVel:-0.012,baroAlt:0.135,deviation:0.101;

23:15:19.317 > >alt:0.043,vel:0.007,accelAlt:0.039,accelVel:-0.003,baroAlt:0.135,deviation:0.096;

23:15:19.322 > >alt:0.048,vel:0.015,accelAlt:0.043,accelVel:0.006,baroAlt:0.135,deviation:0.091;

23:15:19.325 > >alt:0.043,vel:0.004,accelAlt:0.048,accelVel:0.014,baroAlt:-0.058,deviation:-0.106;

23:15:19.333 > >alt:0.038,vel:-0.007,accelAlt:0.043,accelVel:0.003,baroAlt:-0.058,deviation:-0.101;

23:15:19.333 > >alt:0.039,vel:-0.006,accelAlt:0.038,accelVel:-0.008,baroAlt:0.058,deviation:0.020;

23:15:19.345 > >alt:0.040,vel:-0.005,accelAlt:0.039,accelVel:-0.007,baroAlt:0.058,deviation:0.019;

23:15:19.350 > >alt:0.041,vel:-0.004,accelAlt:0.040,accelVel:-0.006,baroAlt:0.058,deviation:0.019;

23:15:19.351 > >alt:0.034,vel:-0.018,accelAlt:0.040,accelVel:-0.005,baroAlt:-0.090,deviation:-0.130;

23:15:19.361 > >alt:0.028,vel:-0.031,accelAlt:0.034,accelVel:-0.019,baroAlt:-0.090,deviation:-0.124;

23:15:19.367 > >alt:0.035,vel:-0.018,accelAlt:0.027,accelVel:-0.032,baroAlt:0.169,deviation:0.142;

23:15:19.373 > >alt:0.041,vel:-0.006,accelAlt:0.034,accelVel:-0.019,baroAlt:0.169,deviation:0.135;

23:15:19.380 > >alt:0.032,vel:-0.024,accelAlt:0.041,accelVel:-0.007,baroAlt:-0.137,deviation:-0.179;

23:15:19.383 > >alt:0.024,vel:-0.042,accelAlt:0.032,accelVel:-0.025,baroAlt:-0.137,deviation:-0.169;

23:15:19.383 > >alt:0.015,vel:-0.059,accelAlt:0.023,accelVel:-0.043,baroAlt:-0.137,deviation:-0.161;

23:15:19.396 > >alt:0.010,vel:-0.070,accelAlt:0.015,accelVel:-0.060,baroAlt:-0.085,deviation:-0.100;

23:15:19.400 > >alt:0.005,vel:-0.081,accelAlt:0.010,accelVel:-0.071,baroAlt:-0.085,deviation:-0.094;

23:15:19.406 > >alt:0.003,vel:-0.085,accelAlt:0.004,accelVel:-0.081,baroAlt:-0.032,deviation:-0.036;

23:15:19.409 > >alt:0.000,vel:-0.090,accelAlt:0.002,accelVel:-0.086,baroAlt:-0.032,deviation:-0.034;

23:15:19.419 > >alt:-0.007,vel:-0.104,accelAlt:-0.000,accelVel:-0.090,baroAlt:-0.132,deviation:-0.132;

23:15:19.420 > >alt:-0.014,vel:-0.117,accelAlt:-0.007,accelVel:-0.105,baroAlt:-0.132,deviation:-0.125;

23:15:19.429 > >alt:-0.020,vel:-0.130,accelAlt:-0.014,accelVel:-0.118,baroAlt:-0.132,deviation:-0.118;

23:15:19.435 > >alt:-0.021,vel:-0.131,accelAlt:-0.021,accelVel:-0.131,baroAlt:-0.026,deviation:-0.006;

23:15:19.440 > >alt:-0.022,vel:-0.133,accelAlt:-0.022,accelVel:-0.132,baroAlt:-0.026,deviation:-0.004;

23:15:19.442 > >alt:-0.030,vel:-0.148,accelAlt:-0.023,accelVel:-0.133,baroAlt:-0.164,deviation:-0.141;

23:15:19.452 > >alt:-0.038,vel:-0.162,accelAlt:-0.031,accelVel:-0.148,baroAlt:-0.164,deviation:-0.133;

23:15:19.455 > >alt:-0.045,vel:-0.175,accelAlt:-0.038,accelVel:-0.163,baroAlt:-0.164,deviation:-0.125;

23:15:19.463 > >alt:-0.042,vel:-0.170,accelAlt:-0.045,accelVel:-0.176,baroAlt:0.016,deviation:0.061;

23:15:19.467 > >alt:-0.041,vel:-0.165,accelAlt:-0.044,accelVel:-0.171,baroAlt:0.016,deviation:0.059;

23:15:19.474 > >alt:-0.042,vel:-0.168,accelAlt:-0.041,accelVel:-0.166,baroAlt:-0.058,deviation:-0.017;

23:15:19.480 > >alt:-0.044,vel:-0.170,accelAlt:-0.043,accelVel:-0.168,baroAlt:-0.058,deviation:-0.015;

23:15:19.486 > >alt:-0.037,vel:-0.155,accelAlt:-0.045,accelVel:-0.171,baroAlt:0.114,deviation:0.159;

23:15:19.491 > >alt:-0.030,vel:-0.141,accelAlt:-0.038,accelVel:-0.156,baroAlt:0.114,deviation:0.152;

23:15:19.494 > >alt:-0.024,vel:-0.127,accelAlt:-0.031,accelVel:-0.142,baroAlt:0.114,deviation:0.145;

23:15:19.502 > >alt:-0.030,vel:-0.138,accelAlt:-0.025,accelVel:-0.128,baroAlt:-0.127,deviation:-0.102;

23:15:19.508 > >alt:-0.035,vel:-0.149,accelAlt:-0.031,accelVel:-0.139,baroAlt:-0.127,deviation:-0.096;

23:15:19.511 > >alt:-0.032,vel:-0.141,accelAlt:-0.036,accelVel:-0.150,baroAlt:0.048,deviation:0.084;

23:15:19.519 > >alt:-0.029,vel:-0.134,accelAlt:-0.033,accelVel:-0.142,baroAlt:0.048,deviation:0.081;

23:15:19.522 > >alt:-0.021,vel:-0.117,accelAlt:-0.030,accelVel:-0.135,baroAlt:0.148,deviation:0.178;

23:15:19.531 > >alt:-0.013,vel:-0.101,accelAlt:-0.022,accelVel:-0.118,baroAlt:0.148,deviation:0.170;

23:15:19.533 > >alt:-0.005,vel:-0.086,accelAlt:-0.014,accelVel:-0.102,baroAlt:0.148,deviation:0.162;

23:15:19.533 > >alt:-0.002,vel:-0.080,accelAlt:-0.006,accelVel:-0.087,baroAlt:0.063,deviation:0.069;

23:15:19.548 > >alt:0.000,vel:-0.074,accelAlt:-0.003,accelVel:-0.081,baroAlt:0.063,deviation:0.066;

23:15:19.550 > >alt:0.013,vel:-0.049,accelAlt:-0.000,accelVel:-0.075,baroAlt:0.259,deviation:0.259;

23:15:19.559 > >alt:0.025,vel:-0.026,accelAlt:0.013,accelVel:-0.050,baroAlt:0.259,deviation:0.246;

23:15:19.563 > >alt:0.036,vel:-0.003,accelAlt:0.025,accelVel:-0.026,baroAlt:0.259,deviation:0.234;

23:15:19.571 > >alt:0.025,vel:-0.027,accelAlt:0.036,accelVel:-0.004,baroAlt:-0.196,deviation:-0.232;

23:15:19.576 > >alt:0.014,vel:-0.050,accelAlt:0.025,accelVel:-0.028,baroAlt:-0.196,deviation:-0.220;

23:15:19.580 > >alt:0.010,vel:-0.057,accelAlt:0.013,accelVel:-0.051,baroAlt:-0.053,deviation:-0.066;

23:15:19.587 > >alt:0.007,vel:-0.065,accelAlt:0.010,accelVel:-0.058,baroAlt:-0.053,deviation:-0.063;

23:15:19.591 > >alt:-0.017,vel:-0.113,accelAlt:0.006,accelVel:-0.066,baroAlt:-0.465,deviation:-0.471;

23:15:19.598 > >alt:-0.040,vel:-0.158,accelAlt:-0.018,accelVel:-0.114,baroAlt:-0.465,deviation:-0.447;

23:15:19.600 > >alt:-0.062,vel:-0.202,accelAlt:-0.041,accelVel:-0.159,baroAlt:-0.465,deviation:-0.424;

23:15:19.610 > >alt:-0.074,vel:-0.223,accelAlt:-0.063,accelVel:-0.202,baroAlt:-0.270,deviation:-0.206;

23:15:19.612 > >alt:-0.085,vel:-0.244,accelAlt:-0.075,accelVel:-0.224,baroAlt:-0.270,deviation:-0.194;

23:15:19.621 > >alt:-0.078,vel:-0.229,accelAlt:-0.086,accelVel:-0.244,baroAlt:0.071,deviation:0.158;

23:15:19.626 > >alt:-0.072,vel:-0.215,accelAlt:-0.080,accelVel:-0.230,baroAlt:0.071,deviation:0.151;

23:15:19.633 > >alt:-0.073,vel:-0.214,accelAlt:-0.073,accelVel:-0.215,baroAlt:-0.058,deviation:0.015;

23:15:19.638 > >alt:-0.073,vel:-0.213,accelAlt:-0.074,accelVel:-0.215,baroAlt:-0.058,deviation:0.016;

23:15:19.642 > >alt:-0.073,vel:-0.213,accelAlt:-0.074,accelVel:-0.214,baroAlt:-0.058,deviation:0.016;

23:15:19.642 > >alt:-0.071,vel:-0.206,accelAlt:-0.075,accelVel:-0.213,baroAlt:0.000,deviation:0.075;

23:15:19.654 > >alt:-0.069,vel:-0.200,accelAlt:-0.072,accelVel:-0.207,baroAlt:0.000,deviation:0.072;

23:15:19.659 > >alt:-0.061,vel:-0.183,accelAlt:-0.070,accelVel:-0.201,baroAlt:0.106,deviation:0.175;

23:15:19.666 > >alt:-0.054,vel:-0.167,accelAlt:-0.062,accelVel:-0.184,baroAlt:0.106,deviation:0.168;

23:15:19.668 > >alt:-0.046,vel:-0.152,accelAlt:-0.054,accelVel:-0.168,baroAlt:0.106,deviation:0.160;

23:15:19.678 > >alt:-0.045,vel:-0.149,accelAlt:-0.047,accelVel:-0.153,baroAlt:-0.005,deviation:0.042;

23:15:19.680 > >alt:-0.044,vel:-0.146,accelAlt:-0.046,accelVel:-0.150,baroAlt:-0.005,deviation:0.041;

23:15:19.689 > >alt:-0.039,vel:-0.134,accelAlt:-0.045,accelVel:-0.147,baroAlt:0.077,deviation:0.121;

23:15:19.691 > >alt:-0.034,vel:-0.124,accelAlt:-0.040,accelVel:-0.136,baroAlt:0.077,deviation:0.116;

23:15:19.700 > >alt:-0.032,vel:-0.121,accelAlt:-0.034,accelVel:-0.125,baroAlt:0.008,deviation:0.042;

23:15:19.700 > >alt:-0.031,vel:-0.118,accelAlt:-0.033,accelVel:-0.122,baroAlt:0.008,deviation:0.041;

23:15:19.711 > >alt:-0.030,vel:-0.114,accelAlt:-0.032,accelVel:-0.118,baroAlt:0.008,deviation:0.040;

23:15:19.717 > >alt:-0.034,vel:-0.123,accelAlt:-0.030,accelVel:-0.115,baroAlt:-0.111,deviation:-0.081;

23:15:19.722 > >alt:-0.039,vel:-0.132,accelAlt:-0.035,accelVel:-0.124,baroAlt:-0.111,deviation:-0.076;

23:15:19.728 > >alt:-0.036,vel:-0.126,accelAlt:-0.040,accelVel:-0.133,baroAlt:0.034,deviation:0.074;

23:15:19.733 > >alt:-0.033,vel:-0.120,accelAlt:-0.037,accelVel:-0.127,baroAlt:0.034,deviation:0.071;

23:15:19.739 > >alt:-0.040,vel:-0.133,accelAlt:-0.034,accelVel:-0.120,baroAlt:-0.164,deviation:-0.130;

23:15:19.742 > >alt:-0.047,vel:-0.147,accelAlt:-0.041,accelVel:-0.134,baroAlt:-0.164,deviation:-0.123;

23:15:19.742 > >alt:-0.054,vel:-0.159,accelAlt:-0.048,accelVel:-0.148,baroAlt:-0.164,deviation:-0.116;

23:15:19.757 > >alt:-0.055,vel:-0.161,accelAlt:-0.055,accelVel:-0.160,baroAlt:-0.063,deviation:-0.009;

23:15:19.762 > >alt:-0.057,vel:-0.163,accelAlt:-0.056,accelVel:-0.162,baroAlt:-0.063,deviation:-0.007;

23:15:19.767 > >alt:-0.057,vel:-0.163,accelAlt:-0.057,accelVel:-0.163,baroAlt:-0.053,deviation:0.005;

23:15:19.772 > >alt:-0.058,vel:-0.163,accelAlt:-0.058,accelVel:-0.164,baroAlt:-0.053,deviation:0.005;

23:15:19.777 > >alt:-0.058,vel:-0.164,accelAlt:-0.059,accelVel:-0.164,baroAlt:-0.053,deviation:0.006;

23:15:19.784 > >alt:-0.040,vel:-0.126,accelAlt:-0.059,accelVel:-0.164,baroAlt:0.325,deviation:0.384;

23:15:19.790 > >alt:-0.023,vel:-0.090,accelAlt:-0.041,accelVel:-0.127,baroAlt:0.325,deviation:0.366;

23:15:19.792 > >alt:-0.013,vel:-0.070,accelAlt:-0.023,accelVel:-0.091,baroAlt:0.188,deviation:0.211;

23:15:19.801 > >alt:-0.003,vel:-0.051,accelAlt:-0.013,accelVel:-0.071,baroAlt:0.188,deviation:0.201;

23:15:19.804 > >alt:0.007,vel:-0.031,accelAlt:-0.003,accelVel:-0.052,baroAlt:0.203,deviation:0.207;

23:15:19.813 > >alt:0.017,vel:-0.013,accelAlt:0.007,accelVel:-0.032,baroAlt:0.203,deviation:0.197;

23:15:19.817 > >alt:0.026,vel:0.005,accelAlt:0.017,accelVel:-0.013,baroAlt:0.203,deviation:0.187;

23:15:19.817 > >alt:0.026,vel:0.005,accelAlt:0.026,accelVel:0.004,baroAlt:0.029,deviation:0.003;

23:15:19.829 > >alt:0.026,vel:0.004,accelAlt:0.026,accelVel:0.004,baroAlt:0.029,deviation:0.003;

23:15:19.835 > >alt:0.025,vel:0.001,accelAlt:0.026,accelVel:0.003,baroAlt:0.008,deviation:-0.018;

23:15:19.841 > >alt:0.025,vel:-0.001,accelAlt:0.025,accelVel:0.000,baroAlt:0.008,deviation:-0.017;

23:15:19.844 > >alt:0.018,vel:-0.015,accelAlt:0.025,accelVel:-0.002,baroAlt:-0.100,deviation:-0.125;

23:15:19.851 > >alt:0.012,vel:-0.028,accelAlt:0.018,accelVel:-0.016,baroAlt:-0.100,deviation:-0.119;

23:15:19.855 > >alt:0.006,vel:-0.040,accelAlt:0.012,accelVel:-0.028,baroAlt:-0.100,deviation:-0.112;

23:15:19.864 > >alt:0.000,vel:-0.053,accelAlt:0.006,accelVel:-0.040,baroAlt:-0.116,deviation:-0.123;

23:15:19.867 > >alt:-0.006,vel:-0.065,accelAlt:-0.000,accelVel:-0.054,baroAlt:-0.116,deviation:-0.116;

23:15:19.867 > >alt:-0.018,vel:-0.090,accelAlt:-0.006,accelVel:-0.066,baroAlt:-0.243,deviation:-0.237;

23:15:19.880 > >alt:-0.030,vel:-0.113,accelAlt:-0.019,accelVel:-0.091,baroAlt:-0.243,deviation:-0.224;

23:15:19.884 > >alt:-0.041,vel:-0.135,accelAlt:-0.031,accelVel:-0.114,baroAlt:-0.243,deviation:-0.212;

23:15:19.884 > >alt:-0.041,vel:-0.135,accelAlt:-0.042,accelVel:-0.136,baroAlt:-0.032,deviation:0.010;

23:15:19.897 > >alt:-0.042,vel:-0.135,accelAlt:-0.042,accelVel:-0.136,baroAlt:-0.032,deviation:0.011;

23:15:19.900 > >alt:-0.031,vel:-0.113,accelAlt:-0.042,accelVel:-0.136,baroAlt:0.182,deviation:0.225;

23:15:19.908 > >alt:-0.021,vel:-0.093,accelAlt:-0.032,accelVel:-0.114,baroAlt:0.182,deviation:0.214;

23:15:19.911 > >alt:-0.019,vel:-0.088,accelAlt:-0.022,accelVel:-0.094,baroAlt:0.032,deviation:0.053;

23:15:19.920 > >alt:-0.017,vel:-0.084,accelAlt:-0.020,accelVel:-0.090,baroAlt:0.032,deviation:0.051;

23:15:19.924 > >alt:-0.015,vel:-0.080,accelAlt:-0.018,accelVel:-0.085,baroAlt:0.032,deviation:0.049;

23:15:19.931 > >alt:-0.017,vel:-0.084,accelAlt:-0.015,accelVel:-0.081,baroAlt:-0.048,deviation:-0.032;

23:15:19.936 > >alt:-0.019,vel:-0.088,accelAlt:-0.018,accelVel:-0.085,baroAlt:-0.048,deviation:-0.030;

23:15:19.943 > >alt:-0.026,vel:-0.102,accelAlt:-0.020,accelVel:-0.089,baroAlt:-0.148,deviation:-0.128;

23:15:19.944 > >alt:-0.033,vel:-0.115,accelAlt:-0.027,accelVel:-0.103,baroAlt:-0.148,deviation:-0.121;

23:15:19.954 > >alt:-0.025,vel:-0.099,accelAlt:-0.033,accelVel:-0.116,baroAlt:0.135,deviation:0.168;

23:15:19.960 > >alt:-0.018,vel:-0.084,accelAlt:-0.026,accelVel:-0.100,baroAlt:0.135,deviation:0.160;

23:15:19.962 > >alt:-0.010,vel:-0.070,accelAlt:-0.018,accelVel:-0.085,baroAlt:0.135,deviation:0.153;

23:15:19.971 > >alt:-0.001,vel:-0.050,accelAlt:-0.011,accelVel:-0.070,baroAlt:0.193,deviation:0.204;

23:15:19.975 > >alt:0.009,vel:-0.032,accelAlt:-0.001,accelVel:-0.051,baroAlt:0.193,deviation:0.194;

23:15:19.982 > >alt:0.001,vel:-0.048,accelAlt:0.009,accelVel:-0.033,baroAlt:-0.143,deviation:-0.151;

23:15:19.984 > >alt:-0.006,vel:-0.063,accelAlt:0.001,accelVel:-0.049,baroAlt:-0.143,deviation:-0.143;

23:15:19.984 > >alt:-0.014,vel:-0.078,accelAlt:-0.007,accelVel:-0.064,baroAlt:-0.143,deviation:-0.136;

23:15:19.998 > >alt:0.000,vel:-0.050,accelAlt:-0.014,accelVel:-0.079,baroAlt:0.272,deviation:0.286;

23:15:20.000 > >alt:0.014,vel:-0.024,accelAlt:0.000,accelVel:-0.051,baroAlt:0.272,deviation:0.272;

23:15:20.010 > >alt:0.017,vel:-0.017,accelAlt:0.013,accelVel:-0.025,baroAlt:0.087,deviation:0.074;

23:15:20.012 > >alt:0.021,vel:-0.011,accelAlt:0.017,accelVel:-0.018,baroAlt:0.087,deviation:0.070;

23:15:20.022 > >alt:0.022,vel:-0.010,accelAlt:0.021,accelVel:-0.012,baroAlt:0.042,deviation:0.022;

23:15:20.027 > >alt:0.023,vel:-0.009,accelAlt:0.022,accelVel:-0.011,baroAlt:0.042,deviation:0.021;

23:15:20.031 > >alt:0.023,vel:-0.008,accelAlt:0.023,accelVel:-0.010,baroAlt:0.042,deviation:0.020;

23:15:20.038 > >alt:0.018,vel:-0.020,accelAlt:0.023,accelVel:-0.009,baroAlt:-0.090,deviation:-0.113;

23:15:20.043 > >alt:0.012,vel:-0.032,accelAlt:0.018,accelVel:-0.021,baroAlt:-0.090,deviation:-0.107;

23:15:20.049 > >alt:0.020,vel:-0.017,accelAlt:0.012,accelVel:-0.033,baroAlt:0.164,deviation:0.152;

23:15:20.055 > >alt:0.027,vel:-0.004,accelAlt:0.020,accelVel:-0.018,baroAlt:0.164,deviation:0.144;

23:15:20.059 > >alt:0.027,vel:-0.004,accelAlt:0.027,accelVel:-0.005,baroAlt:0.032,deviation:0.005;

23:15:20.066 > >alt:0.027,vel:-0.005,accelAlt:0.027,accelVel:-0.005,baroAlt:0.032,deviation:0.005;

23:15:20.068 > >alt:0.027,vel:-0.005,accelAlt:0.027,accelVel:-0.006,baroAlt:0.032,deviation:0.005;

23:15:20.078 > >alt:0.021,vel:-0.019,accelAlt:0.027,accelVel:-0.006,baroAlt:-0.100,deviation:-0.128;

23:15:20.080 > >alt:0.015,vel:-0.032,accelAlt:0.021,accelVel:-0.020,baroAlt:-0.100,deviation:-0.121;

23:15:20.089 > >alt:0.021,vel:-0.020,accelAlt:0.015,accelVel:-0.033,baroAlt:0.143,deviation:0.128;

23:15:20.091 > >alt:0.027,vel:-0.009,accelAlt:0.021,accelVel:-0.021,baroAlt:0.143,deviation:0.122;

23:15:20.091 > >alt:0.033,vel:0.002,accelAlt:0.027,accelVel:-0.010,baroAlt:0.143,deviation:0.116;

23:15:20.106 > >alt:0.036,vel:0.008,accelAlt:0.033,accelVel:0.001,baroAlt:0.100,deviation:0.068;

23:15:20.109 > >alt:0.039,vel:0.013,accelAlt:0.036,accelVel:0.007,baroAlt:0.100,deviation:0.064;

23:15:20.117 > >alt:0.033,vel:-0.001,accelAlt:0.039,accelVel:0.012,baroAlt:-0.095,deviation:-0.135;

23:15:20.122 > >alt:0.026,vel:-0.015,accelAlt:0.033,accelVel:-0.002,baroAlt:-0.095,deviation:-0.128;

23:15:20.129 > >alt:0.028,vel:-0.013,accelAlt:0.026,accelVel:-0.016,baroAlt:0.053,deviation:0.027;

23:15:20.134 > >alt:0.029,vel:-0.012,accelAlt:0.027,accelVel:-0.014,baroAlt:0.053,deviation:0.025;

23:15:20.139 > >alt:0.030,vel:-0.010,accelAlt:0.029,accelVel:-0.012,baroAlt:0.053,deviation:0.024;

23:15:20.141 > >alt:0.042,vel:0.013,accelAlt:0.030,accelVel:-0.011,baroAlt:0.272,deviation:0.242;

23:15:20.149 > >alt:0.053,vel:0.035,accelAlt:0.042,accelVel:0.012,baroAlt:0.272,deviation:0.230;

23:15:20.154 > >alt:0.041,vel:0.009,accelAlt:0.054,accelVel:0.035,baroAlt:-0.201,deviation:-0.254;

23:15:20.161 > >alt:0.029,vel:-0.016,accelAlt:0.041,accelVel:0.008,baroAlt:-0.201,deviation:-0.242;

23:15:20.167 > >alt:0.029,vel:-0.016,accelAlt:0.029,accelVel:-0.017,baroAlt:0.034,deviation:0.006;

23:15:20.174 > >alt:0.029,vel:-0.017,accelAlt:0.029,accelVel:-0.017,baroAlt:0.034,deviation:0.005;

23:15:20.176 > >alt:0.029,vel:-0.017,accelAlt:0.029,accelVel:-0.018,baroAlt:0.034,deviation:0.005;

23:15:20.184 > >alt:0.027,vel:-0.022,accelAlt:0.029,accelVel:-0.018,baroAlt:-0.011,deviation:-0.040;

23:15:20.189 > >alt:0.025,vel:-0.027,accelAlt:0.027,accelVel:-0.023,baroAlt:-0.011,deviation:-0.038;

23:15:20.196 > >alt:0.020,vel:-0.037,accelAlt:0.025,accelVel:-0.027,baroAlt:-0.074,deviation:-0.099;

23:15:20.200 > >alt:0.015,vel:-0.048,accelAlt:0.020,accelVel:-0.038,baroAlt:-0.074,deviation:-0.094;

23:15:20.207 > >alt:0.011,vel:-0.058,accelAlt:0.015,accelVel:-0.049,baroAlt:-0.074,deviation:-0.089;

23:15:20.212 > >alt:0.000,vel:-0.078,accelAlt:0.010,accelVel:-0.058,baroAlt:-0.190,deviation:-0.200;

23:15:20.218 > >alt:-0.010,vel:-0.098,accelAlt:-0.000,accelVel:-0.079,baroAlt:-0.190,deviation:-0.190;

23:15:20.221 > >alt:-0.011,vel:-0.100,accelAlt:-0.010,accelVel:-0.099,baroAlt:-0.016,deviation:-0.006;

23:15:20.230 > >alt:-0.011,vel:-0.101,accelAlt:-0.011,accelVel:-0.101,baroAlt:-0.016,deviation:-0.005;

23:15:20.234 > >alt:0.008,vel:-0.061,accelAlt:-0.012,accelVel:-0.102,baroAlt:0.396,deviation:0.408;

23:15:20.241 > >alt:0.027,vel:-0.024,accelAlt:0.008,accelVel:-0.062,baroAlt:0.396,deviation:0.388;

23:15:20.244 > >alt:0.046,vel:0.013,accelAlt:0.027,accelVel:-0.024,baroAlt:0.396,deviation:0.369;

23:15:20.252 > >alt:0.043,vel:0.006,accelAlt:0.046,accelVel:0.012,baroAlt:-0.011,deviation:-0.056;

23:15:20.253 > >alt:0.040,vel:-0.000,accelAlt:0.043,accelVel:0.005,baroAlt:-0.011,deviation:-0.054;

23:15:20.264 > >alt:0.035,vel:-0.012,accelAlt:0.040,accelVel:-0.001,baroAlt:-0.074,deviation:-0.114;

23:15:20.267 > >alt:0.029,vel:-0.024,accelAlt:0.035,accelVel:-0.013,baroAlt:-0.074,deviation:-0.109;

23:15:20.267 > >alt:0.024,vel:-0.035,accelAlt:0.029,accelVel:-0.025,baroAlt:-0.074,deviation:-0.103;

23:15:20.281 > >alt:0.015,vel:-0.053,accelAlt:0.024,accelVel:-0.036,baroAlt:-0.143,deviation:-0.166;

23:15:20.284 > >alt:0.007,vel:-0.070,accelAlt:0.015,accelVel:-0.054,baroAlt:-0.143,deviation:-0.158;

23:15:20.292 > >alt:0.020,vel:-0.044,accelAlt:0.007,accelVel:-0.070,baroAlt:0.272,deviation:0.265;

23:15:20.293 > >alt:0.032,vel:-0.020,accelAlt:0.020,accelVel:-0.045,baroAlt:0.272,deviation:0.252;

23:15:20.303 > >alt:0.029,vel:-0.026,accelAlt:0.032,accelVel:-0.020,baroAlt:-0.026,deviation:-0.059;

23:15:20.305 > >alt:0.026,vel:-0.033,accelAlt:0.029,accelVel:-0.027,baroAlt:-0.026,deviation:-0.056;

23:15:20.313 > >alt:0.024,vel:-0.039,accelAlt:0.026,accelVel:-0.034,baroAlt:-0.026,deviation:-0.053;

23:15:20.317 > >alt:0.011,vel:-0.064,accelAlt:0.023,accelVel:-0.040,baroAlt:-0.222,deviation:-0.245;

23:15:20.317 > >alt:-0.001,vel:-0.089,accelAlt:0.011,accelVel:-0.065,baroAlt:-0.222,deviation:-0.233;

23:15:20.329 > >alt:0.005,vel:-0.076,accelAlt:-0.001,accelVel:-0.089,baroAlt:0.137,deviation:0.139;

23:15:20.336 > >alt:0.012,vel:-0.063,accelAlt:0.005,accelVel:-0.077,baroAlt:0.137,deviation:0.132;

23:15:20.342 > >alt:-0.005,vel:-0.098,accelAlt:0.011,accelVel:-0.064,baroAlt:-0.322,deviation:-0.334;

23:15:20.342 > >alt:-0.022,vel:-0.130,accelAlt:-0.006,accelVel:-0.099,baroAlt:-0.322,deviation:-0.316;

23:15:20.353 > >alt:-0.038,vel:-0.161,accelAlt:-0.023,accelVel:-0.131,baroAlt:-0.322,deviation:-0.300;

23:15:20.356 > >alt:-0.035,vel:-0.156,accelAlt:-0.038,accelVel:-0.162,baroAlt:0.021,deviation:0.059;

23:15:20.365 > >alt:-0.034,vel:-0.151,accelAlt:-0.036,accelVel:-0.157,baroAlt:0.021,deviation:0.058;

23:15:20.367 > >alt:-0.051,vel:-0.185,accelAlt:-0.034,accelVel:-0.152,baroAlt:-0.365,deviation:-0.330;

23:15:20.376 > >alt:-0.068,vel:-0.217,accelAlt:-0.052,accelVel:-0.186,baroAlt:-0.365,deviation:-0.313;

23:15:20.380 > >alt:-0.084,vel:-0.248,accelAlt:-0.069,accelVel:-0.218,baroAlt:-0.365,deviation:-0.296;

23:15:20.385 > >alt:-0.085,vel:-0.250,accelAlt:-0.085,accelVel:-0.249,baroAlt:-0.095,deviation:-0.010;

